SET_ID,pIC50,RDKIT_SMILES,trainingset_class,activity_label
305117,7.507239610973163,Cc1ccc(F)c(C(O)=NC2(C)CCN(c3ccc(-c4cc(OCC(C)(C)O)cn5ncc(C#N)c45)cn3)CC2)c1,test,1
305723,5.881074247174223,COc1ccc(CC2(O)CCN(c3ccc(-c4cc(OCC(C)(C)O)cn5ncc(C#N)c45)cn3)CC2)cn1,training,0
305098,6.97061622231479,CC(C)(C)CC(O)=NC1(C)CCN(c2ccc(-c3cc(OCC(C)(C)O)cn4ncc(C#N)c34)cn2)CC1,test,1
305083,6.995678626217357,CC(C)(O)COc1cc(-c2ccc(N3CCC(C)(N=C(O)c4nc(O)ccc4F)CC3)nc2)c2c(C#N)cnn2c1,test,1
296799,5.978397283971758,CC(C)C(=O)N1CCC12CCN(c1ccc(-c3cc(OCCN4CCOCC4)cn4ncc(C#N)c34)cn1)CC2,training,0
305774,7.036212172654443,COc1cc(-c2cnc(N3CCC(C)(N=C(O)c4ncc(F)cc4Cl)CC3)cn2)c2c(C#N)cnn2c1,test,1
305079,6.320572103387883,CC(C)(O)COc1cc(-c2ccc(N3CCC(C)(N=C(O)c4c[nH]ccc4=O)CC3)nc2)c2c(C#N)cnn2c1,test,1
305494,5.9542859410591324,CCOc1cc(-c2ccc(N3CCC(N)C(OC)C3)nc2)c2c(C#N)cnn2c1,training,0
305382,7.244887733604928,CN1CCN(CCOc2cc(-c3ccc(N4CCC(Oc5ccccn5)CC4)nc3)c3c(C#N)cnn3c2)CC1,test,1
305329,5.441651491238381,CCOc1cc(-c2ccc(N3CCCC(N(C)C)C3)nc2)c2c(C#N)cnn2c1,test,0
305721,6.521433504406158,CCOc1cc(-c2ncc(N3CCC(Oc4ccc(OC)cn4)CC3)cn2)c2c(C#N)cnn2c1,test,1
296809,7.187086643357143,CCOc1cc(-c2cnc(N3CC4CC(C3)N4Cc3cnc(OC)c(F)c3)cn2)c2c(C#N)cnn2c1,training,1
305159,6.379863945026242,Cc1ccc(OC2CN(c3ccc(-c4cc(OCC(C)(C)O)cn5ncc(C#N)c45)cn3)C2)nn1,test,1
305279,7.0893755951107975,CC(C)CN=C(O)C1(C)CCN(c2ccc(-c3cc(OCC(C)(C)O)cn4ncc(C#N)c34)cn2)CC1,test,1
305576,6.609064892896622,CCOc1cc(-c2ccc(N3CCC(CN4CCOCC4)(N=C(O)OC(C)C)CC3)nc2)c2c(C#N)cnn2c1,test,1
305167,7.3851027839668655,CC(C)(O)COc1cc(-c2ccc(N3CC(Oc4ccc(Cl)cc4)C3)nc2)c2c(C#N)cnn2c1,test,1
305646,5.0,CN(C)C(=O)Oc1cc(-c2ccc(N3CCC(C)(N)CC3)nc2)c2c(C#N)cnn2c1,training,0
305350,5.542723813938675,CCOc1cc(-c2ccc(N3CCC(N)C3)nc2)c2c(C#N)cnn2c1,training,0
305421,7.167491087293763,Cn1cnc(COc2cc(-c3ccc(N4CCC(C)(N=C(O)c5ccccc5)CC4)nc3)c3c(C#N)cnn3c2)c1,test,1
305480,6.241088107602026,COc1cc(-c2ccc(N3CCC(C)(N=C(O)OC(C)C)CC3)nc2)c2c(C#N)cnn2c1,test,1
305474,6.570247719997593,COc1cc(-c2ccc(N3CCC(N=C(O)OC(C)(C)C)C(O)C3)nc2)c2c(C#N)cnn2c1,test,1
315892,6.614393726401689,CCOc1cc(-c2ccc(N3CCC(C)(N=C(O)C4(N)CCC4)CC3)nc2)c2c(C#N)cnn2c1,test,1
305471,7.136677139879544,CC(C)(O)COc1cc(-c2ccc(N3CCC(Oc4ncccc4F)CC3)nc2)c2c(C#N)cnn2c1,test,1
305664,7.273272790973428,Cc1cccc(Cl)c1C(O)=NC1(C)CCN(c2ncc(-c3cc(OCCN4CCOCC4)cn4ncc(C#N)c34)cn2)CC1,test,1
305651,6.39577394691553,CC(C)COC(O)=NC1(C)CCN(c2ccc(-c3cc(OCCN4CCOCC4)cn4ncc(C#N)c34)cn2)CC1,test,1
296712,6.671620396561263,COc1ccc(CN2C3CC2CN(c2ccc(-c4cc(OCCN5CCCC5=O)cn5ncc(C#N)c45)cn2)C3)cn1,test,1
305219,6.809668301829707,Cc1ccc(F)cc1C(O)=NC1(C)CCN(c2ccc(-c3cc(OCC(C)(C)O)cn4ncc(C#N)c34)cn2)C1,test,1
304998,6.087777943467584,CCOc1cc(-c2ccc(N3CC4CC(C3)C4Oc3ccccn3)nc2)c2c(C#N)cnn2c1,test,1
305037,7.554395796726402,Cc1c(F)cccc1C(O)=NC1(C)CCN(c2ccc(-c3cc(OCC(C)(C)O)cn4ncc(C#N)c34)cn2)CC1,test,1
305599,6.924453038607469,CCOc1cc(-c2ccc(N3CCC(CN4CCC(F)(F)C4)(N=C(O)c4cc(F)ccc4C)CC3)nc2)c2c(C#N)cnn2c1,test,1
305578,6.458420756053419,CCOc1cc(-c2ccc(N3CCC(CN4CCN(CC)CC4)(N=C(O)C(C)C)CC3)nc2)c2c(C#N)cnn2c1,test,1
305428,7.0506099933550885,CN(C)CCOc1cc(-c2ccc(N3CCC(C)(N=C(O)c4ccccc4)CC3)nc2)c2c(C#N)cnn2c1,test,1
296800,5.814174640387037,COC(C)(C)COc1cc(-c2ccc(N3CCN(C(=O)C(O)c4cccc(Cl)c4)CC3)nc2)c2c(C#N)cnn2c1,training,0
305156,5.468138050904192,Cc1ccccc1OC1CN(c2ccc(-c3cc(OCC(C)(C)O)cn4ncc(C#N)c34)cn2)C1,training,0
305717,6.2456516642889826,Cc1ccnnc1C(O)=NC1(C)CCN(c2ccc(-c3cc(OCC(C)(C)O)cn4ncc(C#N)c34)cn2)CC1,test,1
305138,6.016824927962188,CC(C)n1cc(C(O)=NC2(C)CCN(c3ccc(-c4cc(OCC(C)(C)O)cn5ncc(C#N)c45)cn3)CC2)cn1,test,1
305416,7.314258261397736,CC1(N=C(O)c2ncc(F)cc2Cl)CCN(c2ccc(-c3cc(OCCCN4CCOCC4)cn4ncc(C#N)c34)cn2)CC1,test,1
305647,5.4421320384319785,CC(C)OC(O)=NC1(C)CCN(c2ccc(-c3cc(OC(=O)N(C)C)cn4ncc(C#N)c34)cn2)CC1,training,0
296820,6.061480274823508,COc1ccc(CN2C3CC2CN(c2ncc(-c4cc(OCCN5CCOCC5)cn5ncc(C#N)c45)cn2)C3)cn1,training,1
305223,7.4710832997223475,CC(C)(O)COc1cc(-c2ccc(N3CCC(C)(N=C(O)c4ccccc4Cl)C3)nc2)c2c(C#N)cnn2c1,test,1
315891,6.077793722560982,CCOc1cc(-c2ccc(N3CCC(C)(N=C(O)C4(N)CCOCC4)CC3)nc2)c2c(C#N)cnn2c1,test,1
305633,7.268411234813263,CCOc1cc(-c2ccc(N3CCC(CN4CCNC(C)C4)(C(O)=NCC(C)C)CC3)nc2)c2c(C#N)cnn2c1,test,1
305454,6.407823242604133,CCOc1cc(-c2ccc(N3CCC(C)(C(O)=Nc4ccc(C)nc4)CC3)nc2)c2c(C#N)cnn2c1,test,1
303389,6.274905478918531,COc1ccc(CN2C3CC2CN(c2ccc(-c4cc(OCC(C)(C)O)cn5ncc(C#N)c45)cn2)C3)nc1,test,1
305082,5.809948582240795,Cc1cc(=O)cc(C(=O)NC2(C)CCN(c3ccc(-c4cc(OCC(C)(C)O)cn5ncc(C#N)c45)cn3)CC2)n1C,training,0
305691,7.494850021680094,CCOc1cc(-c2cnc(N3CCC(N=C(O)c4cc(F)ccc4Cl)C(O)C3)cn2)c2c(C#N)cnn2c1,test,1
305094,7.368556230986828,CN1CCc2c(cccc2C(O)=NC2(C)CCN(c3ccc(-c4cc(OCC(C)(C)O)cn5ncc(C#N)c45)cn3)CC2)C1,test,1
304991,5.955460239607589,CCOc1cc(-c2ccc(N3CCC(C)C(NC)C3)nc2)c2c(C#N)cnn2c1,training,0
305697,6.87942606879415,CCOc1cc(-c2ccc(N3CCC(Oc4ccc(C)nn4)C(N)C3)nc2)c2c(C#N)cnn2c1,test,1
305202,6.653647025549362,CC(C)(O)COc1cc(-c2ccc(N3CCC(C(O)=NCc4ccccc4)CC3)nc2)c2c(C#N)cnn2c1,test,1
315476,6.239577516576787,COc1ccc(CN2C3CC2CN(c2ccc(-c4cc(OCC(C)O)cn5ncc(C#N)c45)cn2)C3)nc1,test,1
305243,7.407823242604134,CC(C)(O)COc1cc(-c2ccc(N3CCC(Oc4ccc(OC(F)F)nc4)CC3)nc2)c2c(C#N)cnn2c1,test,1
305541,6.716698771296451,CCOc1cc(-c2ccc(N3CCC(C)(N=C(O)OCC(C)C)CC3)nc2)c2c(C#N)cnn2c1,test,1
305065,7.568636235841013,CC(C)(O)COc1cc(-c2ccc(N3CCC(C)(N=C(O)c4cc(F)ccc4F)CC3)nc2)c2c(C#N)cnn2c1,test,1
305415,7.090443970758826,CC1(N=C(O)c2ncc(F)cc2Cl)CCN(c2ccc(-c3cc(OCCCN4CCCC4)cn4ncc(C#N)c34)cn2)CC1,test,1
305749,6.7077439286435245,N#Cc1cnn2cc(OCCN3CCOCC3)cc(-c3cnc(N4CCC(O)(Cc5ncccc5F)CC4)cn3)c12,training,1
305685,7.580044251510242,CC1(N=C(O)c2cc(F)ccc2Cl)CCN(c2cnc(-c3cc(OCC4(F)CNC4)cn4ncc(C#N)c34)cn2)CC1,test,1
305333,6.202040356262804,CCOc1cc(-c2ccc(N3CC(NC)CC(C(F)(F)F)C3)nc2)c2c(C#N)cnn2c1,test,1
305095,6.591760034688151,CC(C)(O)COc1cc(-c2ccc(N3CCC(C)(N=C(O)CC4CC4)CC3)nc2)c2c(C#N)cnn2c1,test,1
296791,6.001304841688344,CCOc1cc(-c2ccc(N3CCC4(CCCN(C5CC5)C4)C3)nc2)c2c(C#N)cnn2c1,test,1
305766,7.113509274827518,CC(C)(O)COc1cc(-c2cnc(N3CCC(C)(N=C(O)c4cc(F)ccc4Cl)CC3)cn2)c2c(C#N)cnn2c1,test,1
305613,6.610833915635467,CCOc1cc(-c2ccc(N3CCC(Cc4ccccn4)(N=C(O)CCN4CCOCC4)CC3)nc2)c2c(C#N)cnn2c1,test,1
296784,5.827689031478046,CCOc1cc(-c2ccc(N3CCC4(CCCN(c5ccc(OC)nc5)C4)C3)nc2)c2c(C#N)cnn2c1,test,0
305764,6.655607726314889,Cc1cccc(Cl)c1C(O)=NC1(C)CCN(c2cnc(-c3cc(OCC(=O)N4CCCC4)cn4ncc(C#N)c34)cn2)CC1,test,1
305598,7.1681302257195,CCOc1cc(-c2ccc(N3CCC(CN(C)CC(F)F)(N=C(O)c4cc(F)ccc4C)CC3)nc2)c2c(C#N)cnn2c1,test,1
305641,6.876148359032914,CCOc1cc(-c2ccc(N3CCC(COCCN4CCOCC4)(C(O)=NCC(C)C)CC3)nc2)c2c(C#N)cnn2c1,test,1
305456,7.166852888087216,CCOc1cc(-c2ccc(N3CCC(C)(C(O)=Nc4ccccn4)CC3)nc2)c2c(C#N)cnn2c1,test,1
305702,5.463694127648966,CCOc1cc(-c2ccc(N3CCC(NCCC(C)C)C(O)C3)nc2)c2c(C#N)cnn2c1,training,0
305490,6.399027104313253,CCOC(=O)C1CCN(c2ccc(-c3cc(OCC)cn4ncc(C#N)c34)cn2)CC1,test,1
305760,6.889410289700751,CCOc1cc(-c2cnc(N3CCC(C)(N=C(O)c4nc(C)ccc4C)CC3)cn2)c2c(C#N)cnn2c1,test,1
305593,6.823908740944319,CCOc1cc(-c2ccc(N3CCC(CN4CCN(C)CC4)(N=C(O)OC(C)C)CC3)nc2)c2c(C#N)cnn2c1,test,1
305505,7.251811972993798,CCOc1cc(-c2ccc(N3CCC(N=C(O)C4(C(F)(F)F)CCC4)C(O)C3)nc2)c2c(C#N)cnn2c1,test,1
303406,6.325138859262188,COc1ccc(CN2C3CC2CN(c2ccc(-c4cc(OCC(C)(C)O)cn5ncc(C#N)c45)cc2)C3)cn1,training,1
305648,7.377785977033705,CC(C)OC(O)=NC1(C)CCN(c2ccc(-c3cc(OCCn4ccnc4)cn4ncc(C#N)c34)cn2)CC1,test,1
305560,6.2204035087421765,CCOc1cc(-c2ccc(N3CCC(CN(C)C)(N=C(O)N4CCCCC4)CC3)nc2)c2c(C#N)cnn2c1,test,1
296429,6.325138859262188,COc1ccc(CN2C3CC2CN(c2ccc(-c4cc(OCC(C)(C)O)cn5ncc(C#N)c45)cn2)C3)cn1,test,1
305509,7.0268721464003026,CCOc1cc(-c2ccc(N3CCC(N=C(O)C(C)C(C)C)C(O)C3)nc2)c2c(C#N)cnn2c1,test,1
305677,7.085656842880559,CC1(N=C(O)c2ncccc2Cl)CCN(c2cnc(-c3cc(OCCN4CCOCC4)cn4ncc(C#N)c34)cn2)CC1,test,1
305104,6.072629636960977,CC(C)(O)COc1cc(-c2ccc(N3CCC(C)(N=C(O)C(C)(C)c4ccccc4)CC3)nc2)c2c(C#N)cnn2c1,test,1
305238,6.52432881167557,CC(C)(O)COc1cc(-c2ccc(N3CCC(Oc4ccc(C(F)(F)F)cn4)CC3)nc2)c2c(C#N)cnn2c1,test,1
305308,7.657577319177793,CCOc1cc(-c2ccc(N3CCC(Oc4ccc(OC)nn4)CC3)nc2)c2c(C#N)cnn2c1,test,1
305445,7.031517051446066,CC1(N=C(O)c2ccccn2)CCN(c2ccc(-c3cc(OCC4(F)CNC4)cn4ncc(C#N)c34)cn2)CC1,test,1
305608,6.946921556516581,CCOc1cc(-c2ccc(N3CCC(Cc4ccccn4)(N=C(O)CC4CNC4)CC3)nc2)c2c(C#N)cnn2c1,test,1
305637,7.098541678603888,CCOc1cc(-c2ccc(N3CCC(CN4CCN(CC)C(C)(C)C4)(C(O)=NCC(C)C)CC3)nc2)c2c(C#N)cnn2c1,test,1
305687,7.749579997691106,Cc1cccc(Cl)c1C(O)=NC1(C)CCN(c2cnc(-c3cc(OCC4(F)CCNC4)cn4ncc(C#N)c34)cn2)CC1,test,1
296777,6.420216403383191,CCOc1cc(-c2ccc(N3CCC4(CC3)CN4S(=O)(=O)c3ccc(OC)cc3)nc2)c2c(C#N)cnn2c1,test,1
305620,6.671620396561263,CCOc1cc(-c2ccc(N3CCC(CNC4CCOCC4)(C(O)=NCC(C)C)CC3)nc2)c2c(C#N)cnn2c1,test,1
305062,7.4621809049267265,CC(C)(O)COc1cc(-c2ccc(N3CCC(C)(N=C(O)c4ncccc4Cl)CC3)nc2)c2c(C#N)cnn2c1,test,1
305552,7.397940008672037,CCOc1cc(-c2ccc(N3CCC(CN(C)C)(N=C(O)C(C)C(C)C)CC3)nc2)c2c(C#N)cnn2c1,test,1
305378,6.987162775294827,CCOc1cc(-c2ccc(N3CCC(CN4CCN(CC)CC4)(NC(O)=NC(C)C)CC3)nc2)c2c(C#N)cnn2c1,test,1
305690,6.346787486224656,CCOc1cc(-c2cnc(N3CCC(N=C(O)CC(C)C)C(O)C3)cn2)c2c(C#N)cnn2c1,training,1
305280,6.605548319173784,CC(C)(O)COc1cc(-c2ccc(N3CCC(C)(C(O)=NCC4CCCO4)CC3)nc2)c2c(C#N)cnn2c1,test,1
305712,7.920818753952375,CCOc1cc(-c2ccc(N3CCC(N=C(O)c4c(C)cccc4Cl)C(N)C3)nc2)c2c(C#N)cnn2c1,test,1
296450,5.509058794643212,COc1ccc(CN2C3CC2CN(c2cnc(-c4cc(OCC(C)(C)O)cn5ncc(C#N)c45)cn2)C3)cn1,training,0
296692,5.4243503852447805,CC(C)(C)CS(=O)(=O)N1C2CC1CN(c1ccc(-c3cc(OCC(C)(C)O)cn4ncc(C#N)c34)cn1)C2,test,0
305533,6.134896025358873,CCOc1cc(-c2ccc(N3CCC(C)(N=C(O)C4CCN4C)CC3)nc2)c2c(C#N)cnn2c1,test,1
305131,7.349692476868062,Cc1cc(C(=O)NC2(C)CCN(c3ccc(-c4cc(OCC(C)(C)O)cn5ncc(C#N)c45)cn3)CC2)c(F)cn1,test,1
305206,7.22548303427145,CCC1(C(O)=Nc2ccccc2)CCN(c2ccc(-c3cc(OCC(C)(C)O)cn4ncc(C#N)c34)cn2)CC1,test,1
305353,7.25649023527157,CCOc1cc(-c2ccc(N3CCC(CC)(C(O)=Nc4ccccc4)CC3)nc2)c2c(C#N)cnn2c1,test,1
305662,7.539102157243452,CC1(N=C(O)c2ncccc2Cl)CCN(c2ccc(-c3cc(OCC4(F)CNC4)cn4ncc(C#N)c34)cn2)CC1,test,1
305611,6.8996294548824375,CCOc1cc(-c2ccc(N3CCC(Cc4ccccn4)(N=C(O)C(N)C(C)O)CC3)nc2)c2c(C#N)cnn2c1,test,1
305564,7.669586226650809,CCOc1cc(-c2ccc(N3CCC(CN4CCCC4)(C(O)=NCC(C)C)CC3)nc2)c2c(C#N)cnn2c1,test,1
305389,7.260427655549907,N#Cc1cnn2cc(OCC(=N)O)cc(-c3ccc(N4CCC(Oc5ccccn5)CC4)nc3)c12,test,1
305556,7.026410376572742,CCOc1cc(-c2ccc(N3CCC(CN(C)C)(N=C(O)OCC(C)(C)C)CC3)nc2)c2c(C#N)cnn2c1,test,1
305403,6.642065152999545,COc1cc(-c2ccc(N3CCC(C)(N=C(O)c4cc(F)ccc4Cl)CC3)nc2)c2ccnn2c1,test,1
296527,7.231361898752387,CCOc1cc(-c2ccc(N3CCN(C(=O)C(c4cccc(Cl)c4)N(C)C)CC3)nc2)c2c(C#N)cnn2c1,test,1
305178,6.23210238398191,COc1ccnc(OC2CN(c3ccc(-c4cc(OCC(C)(C)O)cn5ncc(C#N)c45)cn3)C2)c1,test,1
305387,7.505845405981558,N#Cc1cnn2cc(OCCN3CCCC3)cc(-c3ccc(N4CCC(Oc5ccccn5)CC4)nc3)c12,test,1
305100,6.238072161579471,CCC(O)=NC1(C)CCN(c2ccc(-c3cc(OCC(C)(C)O)cn4ncc(C#N)c34)cn2)CC1,test,1
305352,7.157390760389438,CCOc1cc(-c2ccc(N3CCC(C)(C(O)=Nc4ccccc4)CC3)nc2)c2c(C#N)cnn2c1,test,1
305676,7.1295960947209736,Cc1cccc(Cl)c1C(O)=NC1(C)CCN(c2cnc(-c3cc(OCCN4CCOCC4)cn4ncc(C#N)c34)cn2)CC1,test,1
296807,6.6401645176601125,CCOc1cc(-c2cnc(N3CCN(C(=O)C(O)c4cccc(Cl)c4)CC3)cn2)c2c(C#N)cnn2c1,test,1
305269,6.016824927962188,Cc1nccc(NC2C3CC2CN(c2ccc(-c4cc(OCC(C)(C)O)cn5ncc(C#N)c45)cn2)C3)n1,test,1
296773,6.8446639625349395,CCOc1cc(-c2ccc(N3CCC4(CC3)CN4S(=O)(=O)c3ccc(C)cc3)nc2)c2c(C#N)cnn2c1,test,1
305558,6.841637507904752,CCOc1cc(-c2ccc(N3CCC(CN(C)C)(NC(O)=NCC(C)C)CC3)nc2)c2c(C#N)cnn2c1,test,1
305792,7.107905397309519,CCOc1cc(-c2ccc(N3CCC(Cc4ccccc4)(N=C(O)C(C)OC)CC3)nc2)c2c(C#N)cnn2c1,test,1
305529,6.562249437179612,CCOc1cc(-c2ccc(N3CCC(C)(N=C(O)C4(N(C)C)CCC4)CC3)nc2)c2c(C#N)cnn2c1,test,1
305248,6.924453038607469,COc1ncc(OC2CCN(c3ccc(-c4cc(OCC(C)(C)O)cn5ncc(C#N)c45)cn3)CC2)cc1Cl,test,1
305141,7.326058001365912,Cc1cccc(OC2CN(c3ccc(-c4cc(OCC(C)(C)O)cn5ncc(C#N)c45)cn3)C2)c1,test,1
305255,6.863279432843593,CC(C)(O)COc1cc(-c2ccc(N3CCC(Oc4ccc(Cl)cc4)CC3)nc2)c2c(C#N)cnn2c1,test,1
305051,7.301899454376611,CC(C)(O)COc1cc(-c2ccc(N3CCC(C)(N=C(O)c4ccccc4C4CC4)CC3)nc2)c2c(C#N)cnn2c1,test,1
296719,5.712646227285253,COc1ccc(CN2C3CC2CN(c2ccc(-c4cc(OCC5(C)CN(C)C5)cn5ncc(C#N)c45)cn2)C3)cn1,test,0
296798,6.057495893831919,CC(C)(C)OC(=O)N1CCC12CCN(c1ccc(-c3cc(OCCN4CCOCC4)cn4ncc(C#N)c34)cn1)CC2,test,1
305555,7.1700533040583645,CCOc1cc(-c2ccc(N3CCC(CN(C)C)(N=C(O)OCC(C)C)CC3)nc2)c2c(C#N)cnn2c1,test,1
305417,7.494850021680094,COc1cc(-c2ccc(N3CCC(C)(N=C(O)c4ncc(F)cc4Cl)CC3)nc2)c2c(C#N)cnn2c1,test,1
305771,6.798602875679549,CC(C)(O)COc1cc(-c2cnc(N3CCC(C)(N=C(O)c4cc(F)ccc4C(F)(F)F)CC3)cn2)c2c(C#N)cnn2c1,test,1
305270,7.027797161620937,Cc1ccc(F)c(NC2C3CC2CN(c2ccc(-c4cc(OCC(C)(C)O)cn5ncc(C#N)c45)cn2)C3)n1,test,1
305402,6.7544873321858505,COc1cc(-c2ccc(N3CCC(C)(N=C(O)c4c(F)cccc4Cl)CC3)nc2)c2ccnn2c1,test,1
296801,5.7542406440327225,COc1ccc(N2C3CC2CN(c2ccc(-c4cc(OCC(C)(C)O)cn5ncc(C#N)c45)cn2)C3)cn1,training,0
305738,7.301029995663981,CCOc1cc(-c2ccc(N3CCC(O)(Cc4cccc(F)c4)CC3)nc2)c2c(C#N)cnn2c1,test,1
305091,7.28735029837279,COc1ccc(F)c(C(O)=NC2(C)CCN(c3ccc(-c4cc(OCC(C)(C)O)cn5ncc(C#N)c45)cn3)CC2)n1,test,1
305705,8.0,CCOc1cc(-c2ccc(N3CCC(N=C(O)c4c(F)cccc4Cl)C(O)C3)nc2)c2c(C#N)cnn2c1,test,1
305239,7.1605219526258015,CC(C)(O)COc1cc(-c2ccc(N3CCC(C)(Oc4ccccn4)CC3)nc2)c2c(C#N)cnn2c1,test,1
305198,7.415668775632469,CC1CN(c2ccc(-c3cc(OCC(C)(C)O)cn4ncc(C#N)c34)cn2)CC1Oc1ccccn1,test,1
305724,7.619788758288393,CC(C)(O)COc1cc(-c2ccc(N3CCC(O)(Cc4cccc(F)c4)CC3)nc2)c2c(C#N)cnn2c1,test,1
305168,6.421360790031928,CC(C)(O)COc1cc(-c2ccc(N3CC(Oc4ccc(F)cc4F)C3)nc2)c2c(C#N)cnn2c1,test,1
305252,6.889410289700751,COc1nnc(OC2CCN(c3ccc(-c4cc(OCC(C)(C)O)cn5ncc(C#N)c45)cn3)CC2)cc1C,test,1
305319,6.787812395596043,CCOc1cc(-c2ccc(N3CCC(Cc4ccccc4)(N=C(O)CC(C)(C)O)CC3)nc2)c2c(C#N)cnn2c1,test,1
296819,6.138465589140963,COc1ncc(CN2C3CC2CN(c2ncc(-c4cc(OCCN5CCOCC5)cn5ncc(C#N)c45)cn2)C3)cc1Cl,training,1
315710,7.643974142806877,CCOc1cc(-c2ccc(N3CC(N)C(Oc4ccc(OC)nc4)C3)nc2)c2c(C#N)cnn2c1,test,1
296517,5.738023808602188,CCC(C)S(=O)(=O)N1C2CC1CN(c1ccc(-c3cc(OCC(C)(C)O)cn4ncc(C#N)c34)cn1)C2,training,0
305157,5.0,CC(C)OC1CN(c2ccc(-c3cc(OCC(C)(C)O)cn4ncc(C#N)c34)cn2)C1,test,0
305290,7.021363051615525,Cc1ccc(F)cc1C(O)=NC1(C)CCN(c2ccc(-c3cc(OCCN4CCOCC4)cn4ncc(C#N)c34)cn2)CC1,test,1
305436,6.801342913045577,CC1(N=C(O)c2ccccn2)CCN(c2ccc(-c3cc(OCCN4CCOCC4)cn4ncc(C#N)c34)cn2)CC1,test,1
296518,5.42724453484578,COc1ccc(C(=O)N2C3CC2CN(c2ccc(-c4cc(OCC(C)(C)O)cn5ncc(C#N)c45)cn2)C3)cn1,training,0
305491,6.675717544702308,CCOc1cc(-c2ccc(N3CCC(OC(O)=NC(C)C)CC3)nc2)c2c(C#N)cnn2c1,test,1
305276,6.910094888560603,CC(C)(O)COc1cc(-c2ccc(N3CCC(N=C(O)c4ccccn4)CC3)nc2)c2c(C#N)cnn2c1,test,1
296813,6.427128397799519,CCOc1cc(-c2cnc(N3CC4CC(C3)N4Cc3ccc(OC)cn3)cn2)c2c(C#N)cnn2c1,training,1
296704,6.892790030352132,COc1ccc(CN2C3CC2CN(c2ccc(-c4cc(OCCN5CCOCC5)cn5ncc(C#N)c45)cn2)C3)cn1,test,1
305743,6.872895201635193,CC(O)COc1cc(-c2ccc(N3CCC(O)(Cc4ncccc4F)CC3)nc2)c2c(C#N)cnn2c1,test,1
305119,6.82102305270683,COc1cc(OC)nc(C(=O)NC2(C)CCN(c3ccc(-c4cc(OCC(C)(C)O)cn5ncc(C#N)c45)cn3)CC2)n1,test,1
305449,6.690369832574103,CCOc1cc(-c2ccc(N3CCC(C)(C(O)=NC(C)C)CC3)nc2)c2c(C#N)cnn2c1,test,1
296330,6.259637310505758,CCOc1cc(-c2ccc(N3CC4CC(C3)N4Cc3cnc(OC)c(Cl)c3)nc2)c2c(C#N)cnn2c1,test,1
305733,6.591760034688151,COc1cccc(CC2(O)CCN(c3ccc(-c4cc(OCC(C)(C)O)cn5ncc(C#N)c45)cn3)CC2)c1,test,1
305026,7.866461091629782,COc1ccc(OC2CCN(c3ccc(-c4cc(OCC(C)(C)O)cn5ncc(C#N)c45)cn3)CC2)cn1,test,1
305473,5.0,COc1cc(-c2ccc(N3CCC(N=C(O)OC(C)(C)C)C(OC)C3)nc2)c2c(C#N)cnn2c1,training,0
305179,5.7295540919820365,CC(C)(O)COc1cc(-c2ccc(N3CC(OCc4ccccn4)C3)nc2)c2c(C#N)cnn2c1,training,0
305437,6.721246399047171,Cn1cnc(COc2cc(-c3ccc(N4CCC(C)(N=C(O)c5ccccn5)CC4)nc3)c3c(C#N)cnn3c2)c1,test,1
305326,7.494850021680094,CCOc1cc(-c2ccc(N3CCC(CO)(N=C(O)c4ncccc4Cl)CC3)nc2)c2c(C#N)cnn2c1,test,1
305081,6.2204035087421765,Cn1cccc(C(=O)NC2(C)CCN(c3ccc(-c4cc(OCC(C)(C)O)cn5ncc(C#N)c45)cn3)CC2)c1=O,test,1
305617,7.023191662661934,CCOc1cc(-c2ccc(N3CCC(Cc4ccccc4)(CN(C)CCN(C)C)CC3)nc2)c2c(C#N)cnn2c1,test,1
305228,7.040481623027003,CC(C)(O)COc1cc(-c2ccc(N3CCC(N=C(O)c4c(F)cccc4F)C3)nc2)c2c(C#N)cnn2c1,test,1
305422,6.928117992693874,CC1(N=C(O)c2ccccc2)CCN(c2ccc(-c3cc(OCCN4CCCC4)cn4ncc(C#N)c34)cn2)CC1,test,1
305004,5.803547458296611,CC1(N)CCN(c2ccc(-c3cc(OCCO)cn4ncc(C#N)c34)cn2)CC1,training,0
305457,6.85078088734462,CCOc1cc(-c2ccc(N3CCC(C)(C(O)=NCC4CC4)CC3)nc2)c2c(C#N)cnn2c1,test,1
305603,7.080921907623925,CCOc1cc(-c2ccc(N3CCC(Cc4ccccn4)(N=C(O)CN4CCCCC4)CC3)nc2)c2c(C#N)cnn2c1,test,1
305337,6.1890957193313,CCOc1cc(-c2ccc(N3CC(N)C(OCCOC(C)C)C3)nc2)c2c(C#N)cnn2c1,test,1
305773,7.113509274827518,COc1cc(-c2cnc(N3CCC(C)(N=C(O)c4ncccc4Cl)CC3)cn2)c2c(C#N)cnn2c1,test,1
305781,7.431798275933005,CC1(N=C(O)c2cc(F)ccc2C(F)(F)F)CCN(c2cnc(-c3cc(OCC4CNCCO4)cn4ncc(C#N)c34)cn2)CC1,test,1
305298,7.512861624522814,Cn1cnc(COc2cc(-c3ccc(N4CCC(C)(N=C(O)c5ncccc5Cl)CC4)nc3)c3c(C#N)cnn3c2)c1,test,1
305775,7.327902142064282,COc1cc(-c2cnc(N3CCC(C)(N=C(O)c4c(F)ccc(F)c4F)CC3)cn2)c2c(C#N)cnn2c1,test,1
305115,7.3904055907747805,Cc1cccc(C)c1C(O)=NC1(C)CCN(c2ccc(-c3cc(OCC(C)(C)O)cn4ncc(C#N)c34)cn2)CC1,test,1
305606,6.552841968657781,CCOc1cc(-c2ccc(N3CCC(Cc4ccccn4)(N=C(O)CN4CCOCC4)CC3)nc2)c2c(C#N)cnn2c1,test,1
296521,7.096367483915763,CCOc1cc(-c2ccc(N3CCN(C(=O)C(N)c4ccc(F)cc4)CC3)nc2)c2c(C#N)cnn2c1,test,1
305719,6.5301779840218375,Cc1ccc(C(=O)NC2(C)CCN(c3ccc(-c4cc(OCC(C)(C)O)cn5ncc(C#N)c45)cn3)CC2)nn1,test,1
305465,5.0,CC(C)(O)COc1cc(-c2ccc(N3CC4CC(C3)C4N=C(O)OC(C)(C)C)nc2)c2c(C#N)cnn2c1,training,0
305589,7.1586405295451465,CCOc1cc(-c2ccc(N3CCC(CN4CCN(C)C(C)C4)(N=C(O)OC(C)C)CC3)nc2)c2c(C#N)cnn2c1,test,1
305391,6.619788758288393,CN(C)C(=O)COc1cc(-c2ccc(N3CCC(Oc4ccccn4)CC3)nc2)c2c(C#N)cnn2c1,test,1
305073,6.548213564475709,COc1ncc(F)cc1C(=O)NC1(C)CCN(c2ccc(-c3cc(OCC(C)(C)O)cn4ncc(C#N)c34)cn2)CC1,test,1
305072,7.148741651280925,Cc1ccc(C)c(C(O)=NC2(C)CCN(c3ccc(-c4cc(OCC(C)(C)O)cn5ncc(C#N)c45)cn3)CC2)n1,test,1
305756,7.346787486224656,CCOc1cc(-c2cnc(N3CCC(C)(N=C(O)c4ncccc4Cl)CC3)cn2)c2c(C#N)cnn2c1,test,1
296812,7.4089353929735005,CCOc1cc(-c2cnc(N3CC4CC(C3)N4Cc3ccc(OC)c(F)c3)cn2)c2c(C#N)cnn2c1,training,1
296774,6.8326826652518236,CCOc1cc(-c2ccc(N3CCC4(CC3)CN4S(=O)(=O)c3ccccc3)nc2)c2c(C#N)cnn2c1,test,1
305548,6.935542010773082,CCOc1cc(-c2ccc(N3CCC(COCCN4CCOCC4)(NS(=O)(=O)c4ccc(C)cc4)CC3)nc2)c2c(C#N)cnn2c1,test,1
305562,7.562249437179612,CCOc1cc(-c2ccc(N3CCC(CN4CCC4)(C(O)=NCC(C)C)CC3)nc2)c2c(C#N)cnn2c1,test,1
305020,7.6946486305533774,CC(C)(O)COc1cc(-c2ccc(N3CCC(Oc4cccnc4)CC3)nc2)c2c(C#N)cnn2c1,test,1
305483,5.919012953089113,CCOc1cc(-c2ccc(N3CC(O)C(N=C(O)CC(C)C)C3)nc2)c2c(C#N)cnn2c1,training,0
305420,7.059483515067433,CC1(N=C(O)c2ccccc2)CCN(c2ccc(-c3cc(OCCN4CCOCC4)cn4ncc(C#N)c34)cn2)CC1,test,1
305025,6.603800652904264,CC(C)(O)COc1cc(-c2ccc(N3CCC(Cc4ccccc4)CC3)nc2)c2c(C#N)cnn2c1,test,1
305111,6.718966632752272,Cc1ccncc1C(O)=NC1(C)CCN(c2ccc(-c3cc(OCC(C)(C)O)cn4ncc(C#N)c34)cn2)CC1,test,1
305624,6.5934598195660445,CCOc1cc(-c2ccc(N3CCC(CN4CCC(F)(F)C4)(C(O)=NCC(C)C)CC3)nc2)c2c(C#N)cnn2c1,test,1
305314,6.127261172527333,CCOc1cc(-c2ccc(N3CCC(O)(c4ccncc4)CC3)nc2)c2c(C#N)cnn2c1,test,1
305254,7.348721986001856,Cc1ccc(OC2CCN(c3ccc(-c4cc(OCC(C)(C)O)cn5ncc(C#N)c45)cn3)CC2)nn1,test,1
305707,7.823908740944319,CCOc1cc(-c2ccc(N3CCC(N=C(O)c4cc(F)ccc4C)C(O)C3)nc2)c2c(C#N)cnn2c1,test,1
305357,6.6307841425898575,CCOc1cc(-c2ccc(N3CCC(N)(Cc4ccccc4)CC3)nc2)c2c(C#N)cnn2c1,test,1
305039,7.150580586203102,CC(C)(O)COc1cc(-c2ccc(N3CCC(C)(N=C(O)c4cc(F)ccc4C(F)(F)F)CC3)nc2)c2c(C#N)cnn2c1,test,1
305438,7.076755981369723,CC1(N=C(O)c2ccccn2)CCN(c2ccc(-c3cc(OCCCN4CCOCC4)cn4ncc(C#N)c34)cn2)CC1,test,1
305274,6.801342913045577,CC(C)(O)COc1cc(-c2ccc(N3CCC(N=C(O)c4cccc(F)c4)CC3)nc2)c2c(C#N)cnn2c1,test,1
305189,7.20690839982342,COc1ccc(OC2CCN(c3ccc(-c4cc(OCC(C)(C)O)cn5ncc(C#N)c45)cn3)C2)cn1,test,1
305024,7.154901959985742,CC(C)(O)COc1cc(-c2ccc(N3CCC(Cc4ccccn4)CC3)nc2)c2c(C#N)cnn2c1,test,1
305215,7.244887733604928,CC(C)(O)COc1cc(-c2ccc(N3CCC(C)(N=C(O)c4ccccc4)C3)nc2)c2c(C#N)cnn2c1,test,1
305294,7.511449283499557,Cc1ccc(F)cc1C(O)=NC1(C)CCN(c2ccc(-c3cc(OCCN4CCN(C)CC4)cn4ncc(C#N)c34)cn2)CC1,test,1
296738,6.192464971931146,COc1ccc(CN2C3CC2CN(c2ccc(-c4cc(OCC(O)C(F)(F)F)cn5ncc(C#N)c45)cn2)C3)cn1,test,1
305727,6.015022873584508,COc1ccccc1CC1(O)CCN(c2ccc(-c3cc(OCC(C)(C)O)cn4ncc(C#N)c34)cn2)CC1,test,1
304996,6.484126156288321,CCOc1cc(-c2ccc(N3CC4CC(C3)C4OCCOC)nc2)c2c(C#N)cnn2c1,test,1
305035,6.3535962737769305,CC(C)(O)COc1cc(-c2ccc(N3CCC(C)(NCc4ccccc4)CC3)nc2)c2c(C#N)cnn2c1,test,1
296694,5.262330372643358,COC(C)(C)COc1cc(-c2ccc(N3CC4CC(C3)N4S(=O)(=O)CC3CC3)nc2)c2c(C#N)cnn2c1,training,0
305528,6.077793722560982,CCOc1cc(-c2ccc(N3CCC(C)(N=C(O)C4(N(C)C)CCOCC4)CC3)nc2)c2c(C#N)cnn2c1,test,1
305221,7.126679398184601,CC(C)(O)COc1cc(-c2ccc(N3CCC(C)(N=C(O)c4ncccc4Cl)C3)nc2)c2c(C#N)cnn2c1,test,1
305784,6.087246696328678,CCOc1cc(-c2ccc(N3CCC(CN)C3)nc2)c2c(C#N)cnn2c1,test,1
296195,6.694648630553376,COc1cc(-c2ccc(N3CCN(Cc4ccccc4)CC3)nc2)c2c(C#N)cnn2c1,test,1
305055,6.231361898752387,COc1cccc(C(=O)NC2(C)CCN(c3ccc(-c4cc(OCC(C)(C)O)cn5ncc(C#N)c45)cn3)CC2)n1,test,1
305154,6.583359492661719,CC(C)(O)COc1cc(-c2ccc(N3CC(Oc4ccc(F)cn4)C3)nc2)c2c(C#N)cnn2c1,test,1
296754,6.211831628858832,COc1ccc(CN2C3COCC2CN(c2ccc(-c4cc(OCC(C)(C)O)cn5ncc(C#N)c45)cn2)C3)cn1,test,1
305614,7.004803708402821,CCOc1cc(-c2ccc(N3CCC(Cc4ccccn4)(N=C(O)C(N)C(C)C)CC3)nc2)c2c(C#N)cnn2c1,test,1
305385,7.732828271596986,CN1CC(CCOc2cc(-c3ccc(N4CCC(Oc5ccccn5)CC4)nc3)c3c(C#N)cnn3c2)C1,test,1
305657,7.040958607678907,CC1(N=C(O)c2ncccc2Cl)CCN(c2ccc(-c3cc(OCC4CN(C(=O)OC(C)(C)C)CCO4)cn4ncc(C#N)c34)cn2)CC1,test,1
305501,5.934047019686131,CCOc1cc(-c2ccc(N3CCC(N)C(O)C3)nc2)c2c(C#N)cnn2c1,training,0
305408,7.153044674980175,CCOc1cc(-c2ccc(N3CC(N)C(Oc4ccc(OC)nc4)C3)nc2)c2c(Cl)cnn2c1,test,1
305367,7.853871964321763,CCOc1cc(-c2ccc(N3CCC(CN(C)C)(N=C(O)c4ncccc4Cl)CC3)nc2)c2c(C#N)cnn2c1,test,1
305516,5.173536450907199,CCOc1cc(-c2ccc(N3CCC(C)(Nc4nc(C)ccc4F)CC3)nc2)c2c(C#N)cnn2c1,training,0
305433,6.863279432843593,CCOc1cc(-c2ccc(N3CCC(C)(N=C(O)CC4CC4)CC3)nc2)c2c(C#N)cnn2c1,test,1
305547,7.747146969020108,CCOc1cc(-c2ccc(N3CCC(COCCN4CCOCC4)(N=C(O)c4ncccc4Cl)CC3)nc2)c2c(C#N)cnn2c1,test,1
305487,7.327902142064282,CCOc1cc(-c2ccc(N3CC(N=C(O)c4ccccc4)C(OC)C3)nc2)c2c(C#N)cnn2c1,test,1
305264,6.20690839982342,CC(C)(O)COc1cc(-c2ccc(N3CCC(Nc4ccccn4)CC3)nc2)c2c(C#N)cnn2c1,test,1
305476,7.102372908709558,COc1cc(-c2ccc(N3CCC(N=C(O)C4(C(F)(F)F)CCC4)C(O)C3)nc2)c2c(C#N)cnn2c1,test,1
305000,6.7011469235902945,CCOc1cc(-c2ccc(N3CC4CC(C3)C4Nc3ccc(OC)nc3)nc2)c2c(C#N)cnn2c1,test,1
305794,7.080921907623925,CCOc1cc(-c2ccc(N3CCC(Cc4ccccc4)(N=C(O)C(C)(C)O)CC3)nc2)c2c(C#N)cnn2c1,test,1
305285,7.486782399932061,COc1cc(-c2ccc(N3CCC(C)(N=C(O)c4cc(F)ccc4C)CC3)nc2)c2c(C#N)cnn2c1,test,1
305103,6.920818753952375,Cc1ccnc(C(=O)NC2(C)CCN(c3ccc(-c4cc(OCC(C)(C)O)cn5ncc(C#N)c45)cn3)CC2)c1,test,1
305772,7.455931955649724,CC1(N=C(O)c2ncccc2Cl)CCN(c2cnc(-c3cc(OCC4(F)CNC4)cn4ncc(C#N)c34)cn2)CC1,test,1
305390,7.376750709602098,CN=C(O)COc1cc(-c2ccc(N3CCC(Oc4ccccn4)CC3)nc2)c2c(C#N)cnn2c1,test,1
305605,6.853871964321763,CCOc1cc(-c2ccc(N3CCC(Cc4ccccn4)(N=C(O)C(C)OC)CC3)nc2)c2c(C#N)cnn2c1,test,1
305515,6.3260580013659125,CCOc1cc(-c2ccc(N3CCC(C)(OC(O)=NC(C)C)CC3)nc2)c2c(C#N)cnn2c1,test,1
305283,7.826813731587727,CC(C)(O)COc1cc(-c2ccc(N3CCC(C)(C(O)=Nc4c(F)cccc4F)CC3)nc2)c2c(C#N)cnn2c1,test,1
305544,5.525055664534613,CCOc1cc(-c2ccc(N3CCC(N)(COCCN4CCOCC4)CC3)nc2)c2c(C#N)cnn2c1,training,0
305575,6.5670307091255955,CCOC(O)=NC1(CN2CCOCC2)CCN(c2ccc(-c3cc(OCC)cn4ncc(C#N)c34)cn2)CC1,test,1
305074,6.8124792791635365,COc1ccnc(C(=O)NC2(C)CCN(c3ccc(-c4cc(OCC(C)(C)O)cn5ncc(C#N)c45)cn3)CC2)n1,test,1
305634,6.739928612014924,CCOc1cc(-c2ccc(N3CCC(CN4CCNCC4C)(C(O)=NCC(C)C)CC3)nc2)c2c(C#N)cnn2c1,test,1
305786,6.575118363368933,CCOc1cc(-c2ccc(N3CCC(CN=C(O)CC(C)C)C3)nc2)c2c(C#N)cnn2c1,test,1
305023,7.265200170411153,CC(C)(O)COc1cc(-c2ccc(N3CCC(Nc4ccccc4)CC3)nc2)c2c(C#N)cnn2c1,test,1
296727,7.071604147743287,COc1ccc(CN2C3CC2CN(c2ccc(-c4cc(OCCC5CN(C)C5)cn5ncc(C#N)c45)cn2)C3)cn1,test,1
305136,6.785156151952302,Cn1ccc(C(=O)NC2(C)CCN(c3ccc(-c4cc(OCC(C)(C)O)cn5ncc(C#N)c45)cn3)CC2)n1,test,1
305185,7.643974142806877,CC(C)(O)COc1cc(-c2ccc(N3CCC(Oc4ccccn4)C3)nc2)c2c(C#N)cnn2c1,test,1
305288,7.165579296318468,Cc1ccc(F)cc1C(O)=NC1(C)CCN(c2ccc(-c3cc(OCCN(C)C)cn4ncc(C#N)c34)cn2)CC1,test,1
305003,6.920818753952375,CC1(N=C(O)OC(C)(C)C)CCN(c2ccc(-c3cc(OCCO)cn4ncc(C#N)c34)cn2)CC1,test,1
305044,6.7121982700697735,CC(C)(O)COc1cc(-c2ccc(N3CCC(C)(N=C(O)c4cnccn4)CC3)nc2)c2c(C#N)cnn2c1,test,1
305730,7.091514981121351,CC(C)(O)COc1cc(-c2ccc(N3CCC(O)(Cc4ccc(F)cc4)CC3)nc2)c2c(C#N)cnn2c1,test,1
305144,6.29073003902417,COc1cncc(OC2CN(c3ccc(-c4cc(OCC(C)(C)O)cn5ncc(C#N)c45)cn3)C2)c1,test,1
305262,6.730487055782082,CC(C)(O)COc1cc(-c2ccc(N3CCC(c4nc5ccccc5[nH]4)CC3)nc2)c2c(C#N)cnn2c1,test,1
296735,7.387216143280264,COc1ccc(CN2C3CC2CN(c2ccc(-c4cc(OCCn5ccnc5)cn5ncc(C#N)c45)cn2)C3)cn1,training,1
305361,6.501689446210398,CCOc1cc(-c2ccc(N3CC4CC(C3)C4Nc3nc(C)ccc3F)nc2)c2c(C#N)cnn2c1,test,1
315457,7.045757490560675,COc1ccc(CN2C3CC2CN(c2ccc(-c4cc(OCCO)cn5ncc(C#N)c45)cn2)C3)nc1,test,1
305022,7.657577319177793,CC(C)(O)COc1cc(-c2ccc(N3CCC(Oc4ccccc4)CC3)nc2)c2c(C#N)cnn2c1,test,1
296691,5.8271053022478245,CC(C)CS(=O)(=O)N1C2CC1CN(c1ccc(-c3cc(OCC(C)(C)O)cn4ncc(C#N)c34)cn1)C2,test,0
305540,6.575118363368933,CCOC(O)=NC1(C)CCN(c2ccc(-c3cc(OCC)cn4ncc(C#N)c34)cn2)CC1,test,1
305410,7.137868620686962,CC(C)(O)COc1cc(-c2ccc(N3CCC(Oc4ccccn4)CC3)nc2)c2c(Cl)cnn2c1,test,1
315954,6.007004901568657,CCOc1cc(-c2ccc(N3CCC(CN4CCN(C(=O)OC(C)(C)C)CC4)(N=C(O)OC(C)C)CC3)nc2)c2c(C#N)cnn2c1,test,1
316026,6.645891560852599,Cc1cccc(Cl)c1C(O)=NC1(C)CCN(c2ccc(-c3cc(OCCN4CCOCC4)cn4ncc(C#N)c34)nc2)CC1,test,1
305594,6.856985199745905,CCOc1cc(-c2ccc(N3CCC(CCNC4CCN(C)CC4)(N=C(O)OC(C)C)CC3)nc2)c2c(C#N)cnn2c1,test,1
305160,7.110698297493689,CC(C)(O)COc1cc(-c2ccc(N3CC(C)(Oc4ccccn4)C3)nc2)c2c(C#N)cnn2c1,test,1
305327,7.297569463554474,CCOc1cc(-c2ccc(N3CCC(CO)(N=C(O)c4ncccc4F)CC3)nc2)c2c(C#N)cnn2c1,test,1
305008,6.449771646944907,CC(C)C(O)C(O)=NC1(C)CCN(c2ccc(-c3cc(OCCO)cn4ncc(C#N)c34)cn2)CC1,test,1
305753,7.585026652029183,CCOc1cc(-c2cnc(N3CCC(C)(N=C(O)c4c(F)ccc(F)c4F)CC3)cn2)c2c(C#N)cnn2c1,test,1
305170,7.161780778092375,CC(C)(O)COc1cc(-c2ccc(N3CC(Oc4ccc(F)c(F)c4)C3)nc2)c2c(C#N)cnn2c1,test,1
305461,6.211831628858832,CCOc1cc(-c2ccc(N3CCC(C)(C(O)=NCC(C)O)CC3)nc2)c2c(C#N)cnn2c1,test,1
305573,6.3655227298392685,CCOc1cc(-c2ccc(N3CCC(CN4CCOCC4)(N=C(O)C4(OC)CC4)CC3)nc2)c2c(C#N)cnn2c1,test,1
305699,6.325138859262188,COc1cc(-c2ccc(N3CCC(N=C(O)c4cc(F)ccc4Cl)C(O)C3)nc2)c2c(C#N)cnn2c1,test,1
305659,7.5718652059712115,CC1(N=C(O)c2ncccc2Cl)CCN(c2ccc(-c3cc(OCC4CNCCO4)cn4ncc(C#N)c34)cn2)CC1,test,1
304988,5.705754283861883,CCOc1cc(-c2ccc(N3CCCC(NC)C3)nc2)c2c(C#N)cnn2c1,training,0
305661,7.477555766493679,CN1CCOC(COc2cc(-c3ccc(N4CCC(C)(N=C(O)c5ncccc5Cl)CC4)nc3)c3c(C#N)cnn3c2)C1,test,1
304993,7.609064892896622,CCOc1cc(-c2ccc(N3CCC(Oc4ccccn4)CC3)nc2)c2c(C#N)cnn2c1,test,1
305142,5.0,COCCOC1CN(c2ccc(-c3cc(OCC(C)(C)O)cn4ncc(C#N)c34)cn2)C1,training,0
305316,7.3160528692484865,CCOc1cc(-c2ccc(N3CCC(Oc4ccc(Cl)nc4)CC3)nc2)c2c(C#N)cnn2c1,test,1
305423,7.522878745280337,CC1(N=C(O)c2ccccc2)CCN(c2ccc(-c3cc(OCCCN4CCOCC4)cn4ncc(C#N)c34)cn2)CC1,test,1
305612,7.057991946977688,CCOc1cc(-c2ccc(N3CCC(Cc4ccccn4)(N=C(O)C(C)N)CC3)nc2)c2c(C#N)cnn2c1,test,1
305632,5.992679047077257,CCOc1cc(-c2ccc(N3CCC(CN4CCN(C(=O)OC(C)(C)C)C(C)(C)C4)(C(O)=NCC(C)C)CC3)nc2)c2c(C#N)cnn2c1,training,0
305531,6.4034029043735385,CCOc1cc(-c2ccc(N3CCC(C)(N=C(O)C4(N)CC4)CC3)nc2)c2c(C#N)cnn2c1,test,1
296217,6.213958789757446,COc1cc(-c2ccc(N3CCN(C(=O)Cc4ccc(F)cn4)CC3)nc2)c2c(C#N)cnn2c1,test,1
305358,7.366531544420414,CCOc1cc(-c2ccc(N3CCC(S(=O)(=O)Cc4ccccc4)CC3)nc2)c2c(C#N)cnn2c1,test,1
305016,6.299296282854981,CC(C)N=C(O)C1C2CC1CN(c1ccc(-c3cc(OCC(C)(C)O)cn4ncc(C#N)c34)cn1)C2,test,1
305464,7.051098239029787,CC(C)(O)COc1cc(-c2ccc(N3CCC(Sc4ccccn4)CC3)nc2)c2c(C#N)cnn2c1,test,1
305761,7.236572006437062,CCOc1cc(-c2cnc(N3CCC(C)(N=C(O)c4c(C)cccc4Cl)CC3)cn2)c2c(C#N)cnn2c1,test,1
305301,7.15676722190199,CC1(N=C(O)c2ncccc2Cl)CCN(c2ccc(-c3cc(OCCN4CCOCC4)cn4ncc(C#N)c34)cn2)CC1,test,1
305134,5.9519468268843925,Cc1nn(C)cc1C(O)=NC1(C)CCN(c2ccc(-c3cc(OCC(C)(C)O)cn4ncc(C#N)c34)cn2)CC1,training,0
305571,6.330683119433888,CCOc1cc(-c2ccc(N3CCC(CN4CCOCC4)(N=C(O)CC(C)(C)O)CC3)nc2)c2c(C#N)cnn2c1,test,1
305452,6.681936665037237,CCOc1cc(-c2ccc(N3CCC(C)(C(O)=Nc4ccc(OC)nc4)CC3)nc2)c2c(C#N)cnn2c1,test,1
305616,6.6003262785189625,CCOc1cc(-c2ccc(N3CCC(Cc4ccccc4)(CN(C)CCO)CC3)nc2)c2c(C#N)cnn2c1,test,1
305619,5.709520186669328,CCOc1cc(-c2ccc(N3CCC(CN4CCN(C(=O)OC(C)(C)C)CC4C)(C(O)=NCC(C)C)CC3)nc2)c2c(C#N)cnn2c1,training,0
305281,6.1325325121409495,CC(C)(O)COc1cc(-c2ccc(N3CCC(C)(C(O)=NCC4CCOCC4)CC3)nc2)c2c(C#N)cnn2c1,test,1
305102,6.452225294612178,CC(C)(O)COc1cc(-c2ccc(N3CCC(C)(N=C(O)CC(F)(F)F)CC3)nc2)c2c(C#N)cnn2c1,test,1
305092,7.131355561605173,COc1c(F)cc(F)cc1C(O)=NC1(C)CCN(c2ccc(-c3cc(OCC(C)(C)O)cn4ncc(C#N)c34)cn2)CC1,test,1
305469,5.6375175252488265,CCOc1cc(-c2ccc(N3CCC(C)(N)CC3)nc2)c2c(C#N)cnn2c1,training,0
305060,7.110138278741813,CC(C)(O)COc1cc(-c2ccc(N3CCC(C)(N=C(O)c4ccccc4S(C)(=O)=O)CC3)nc2)c2c(C#N)cnn2c1,test,1
305399,7.413412695328247,CC(O)COc1cc(-c2ccc(N3CC(Oc4ccccn4)C3)nc2)c2c(C#N)cnn2c1,test,1
305053,7.3036436112666685,COc1cccc(C(O)=NC2(C)CCN(c3ccc(-c4cc(OCC(C)(C)O)cn5ncc(C#N)c45)cn3)CC2)c1,test,1
305227,6.518557371497695,CC(C)(O)COc1cc(-c2ccc(N3CCC(N=C(O)c4cccc(F)c4F)C3)nc2)c2c(C#N)cnn2c1,test,1
305162,6.367542707815276,COc1cnc(OC2CN(c3ccc(-c4cc(OCC(C)(C)O)cn5ncc(C#N)c45)cn3)C2)cn1,test,1
305310,6.179142010560301,CCOc1cc(-c2ccc(N3CCC(O)(CCc4cccnc4)CC3)nc2)c2c(C#N)cnn2c1,test,1
305570,7.022276394711152,CCOc1cc(-c2ccc(N3CCC(CN4CCOCC4)(N=C(O)C(C)C(C)C)CC3)nc2)c2c(C#N)cnn2c1,test,1
305654,7.281498311132727,CC(C)C(C)N=C(O)C1(C)CCN(c2ccc(-c3cc(OCCN4CCOCC4)cn4ncc(C#N)c34)cn2)CC1,test,1
305105,5.789949150124862,CC(C)(O)COc1cc(-c2ccc(N3CCC(C)(N=C(O)C(C)(C)c4ccc(Cl)cc4)CC3)nc2)c2c(C#N)cnn2c1,test,0
305791,7.431798275933005,CCOc1cc(-c2ccc(N3CCC(Cc4ccccc4)(N=C(O)C(C)O)CC3)nc2)c2c(C#N)cnn2c1,test,1
296772,7.102372908709558,CCOc1cc(-c2ccc(N3CC4CC3CN4c3ccc(OC)nc3)nc2)c2c(C#N)cnn2c1,test,1
305324,7.4749551929631535,CCOc1cc(-c2ccc(N3CCC(CO)(N=C(O)c4cc(F)ccc4C)CC3)nc2)c2c(C#N)cnn2c1,test,1
305366,7.36251027048749,CCOc1cc(-c2ccc(N3CCC(CN(C)C)(N=C(O)c4cc(F)ccc4C)CC3)nc2)c2c(C#N)cnn2c1,test,1
305330,5.832092189998519,CCOc1cc(-c2ccc(N3CCCC(NCc4ccccc4)C3)nc2)c2c(C#N)cnn2c1,training,0
304995,6.291579099865287,CCOc1cc(-c2ccc(N3CC4CC(C3)C4O)nc2)c2c(C#N)cnn2c1,test,1
305468,7.512861624522814,Cc1ccc(F)cc1C(O)=NC1(C)CCN(c2ccc(-c3cc(O)cn4ncc(C#N)c34)cn2)CC1,test,1
305492,7.086186147616282,CCOc1cc(-c2ccc(N3CCC(S(=O)(=O)NC(C)C)CC3)nc2)c2c(C#N)cnn2c1,test,1
305034,6.23210238398191,Cc1ccc(F)cc1CNC1(C)CCN(c2ccc(-c3cc(OCC(C)(C)O)cn4ncc(C#N)c34)cn2)CC1,test,1
305729,7.180456064458133,Cc1ccc(CC2(O)CCN(c3ccc(-c4cc(OCC(C)(C)O)cn5ncc(C#N)c45)cn3)CC2)cc1,test,1
296744,6.616184634019568,COc1ncc(CN2C3CC2CN(c2ccc(-c4cc(OCC(C)O)cn5ncc(C#N)c45)cn2)C3)cc1Cl,test,1
305336,5.808548985535103,CCOc1cc(-c2ccc(N3CC(N)C(OCC(C)C)C3)nc2)c2c(C#N)cnn2c1,test,0
305782,7.67778070526608,CC1(N=C(O)c2ncccc2Cl)CCN(c2cnc(-c3cc(OCC4CNCCO4)cn4ncc(C#N)c34)cn2)CC1,test,1
305118,6.72584215073632,Cc1cc(C(=O)NC2(C)CCN(c3ccc(-c4cc(OCC(C)(C)O)cn5ncc(C#N)c45)cn3)CC2)ccn1,test,1
305173,7.455931955649724,CC(C)(O)COc1cc(-c2ccc(N3CC(Oc4cncc(F)c4)C3)nc2)c2c(C#N)cnn2c1,test,1
305011,7.297569463554474,CC(C)(O)COc1cc(-c2ccc(N3CCC(O)(Cc4ccccc4)CC3)nc2)c2c(C#N)cnn2c1,test,1
305371,7.148741651280925,CCOc1cc(-c2ccc(N3CCC(CN4CCOCC4)(N=C(O)CC4CC4)CC3)nc2)c2c(C#N)cnn2c1,test,1
305377,7.508638306165728,CCOc1cc(-c2ccc(N3CCC(CN4CCN(CC)CC4)(N=C(O)CC(C)C)CC3)nc2)c2c(C#N)cnn2c1,test,1
296703,6.978810700930063,COc1ncc(CN2C3CC2CN(c2ccc(-c4cc(OCCN5CCOCC5)cn5ncc(C#N)c45)cn2)C3)cc1Cl,test,1
305432,5.9542859410591324,CCOc1cc(-c2ccc(N3CCC(C)(NCc4cc(F)ccc4C)CC3)nc2)c2c(C#N)cnn2c1,training,0
305462,5.556111453222629,CC(C)(O)COc1cc(-c2ccc(N3CCC(C)(N)CC3)nc2)c2c(C#N)cnn2c1,training,0
305054,7.3334820194451185,CC(C)(O)COc1cc(-c2ccc(N3CCC(C)(N=C(O)c4cccc(C5CC5)c4)CC3)nc2)c2c(C#N)cnn2c1,test,1
305595,7.565431095965803,CCOc1cc(-c2ccc(N3CCC(CN4CCN(CCOC)CC4)(N=C(O)c4cc(F)ccc4C)CC3)nc2)c2c(C#N)cnn2c1,test,1
305247,6.051587034221399,CC(C)(O)COc1cc(-c2ccc(N3CCC(COc4ccccn4)CC3)nc2)c2c(C#N)cnn2c1,test,1
305520,5.855737226238008,CCOc1cc(-c2ccc(N3CCC(C)(N=C(O)C4(N=C(O)OC(C)(C)C)CCC4)CC3)nc2)c2c(C#N)cnn2c1,training,0
316054,7.080921907623925,CCOc1cc(-c2cnc(N3CCC(N=C(O)c4cc(F)ccc4C(F)(F)F)C(O)C3)cn2)c2c(C#N)cnn2c1,test,1
305368,7.578396073130169,CCOc1cc(-c2ccc(N3CCC(CN(C)C)(N=C(O)CC(C)C)CC3)nc2)c2c(C#N)cnn2c1,test,1
305688,6.9136401693252525,CC(C)(O)COc1cc(-c2ccc(N3CCC(O)(Cc4ccccn4)CC3)nc2)c2c(C#N)cnn2c1,test,1
305147,6.982966660701218,CC(C)(O)COc1cc(-c2ccc(N3CC(Oc4ccc(C(F)(F)F)cc4)C3)nc2)c2c(C#N)cnn2c1,test,1
305466,6.294136287716081,CC(C)(O)COc1cc(-c2ccc(N3CC4CC(C3)C4N)nc2)c2c(C#N)cnn2c1,test,1
305375,6.673664139071248,CCOc1cc(-c2ccc(N3CCC(CN4CCN(CC)CC4)(N=C(O)OC)CC3)nc2)c2c(C#N)cnn2c1,test,1
305287,7.542118103266008,Cc1ccc(F)cc1C(O)=NC1(C)CCN(c2ccc(-c3cc(OCC4(F)CN(C)C4)cn4ncc(C#N)c34)cn2)CC1,test,1
305700,6.508638306165728,COc1cc(-c2ccc(N3CCC(N=C(O)c4c(F)cccc4Cl)C(O)C3)nc2)c2c(C#N)cnn2c1,test,1
305087,6.490797477668897,Cc1cc(C)nc(C(O)=NC2(C)CCN(c3ccc(-c4cc(OCC(C)(C)O)cn5ncc(C#N)c45)cn3)CC2)c1,test,1
305380,7.39577394691553,CCOc1cc(-c2ccc(N3CCC(CN4CCOCC4)(C(O)=NCC(C)C)CC3)nc2)c2c(C#N)cnn2c1,test,1
305525,6.7447274948966935,CCOc1cc(-c2ccc(N3CCC(C)(N=C(O)C4(O)CC4)CC3)nc2)c2c(C#N)cnn2c1,test,1
305355,7.705533773838407,CCOc1cc(-c2ccc(N3CCC(C)(S(=O)(=O)CC(C)C)CC3)nc2)c2c(C#N)cnn2c1,test,1
305604,6.7077439286435245,CCOc1cc(-c2ccc(N3CCC(Cc4ccccn4)(N=C(O)c4cncn4C)CC3)nc2)c2c(C#N)cnn2c1,test,1
305626,6.732828271596986,CCOc1cc(-c2ccc(N3CCC(CN(C)CCOC)(C(O)=NCC(C)C)CC3)nc2)c2c(C#N)cnn2c1,test,1
305187,7.165579296318468,CC(C)(O)COc1cc(-c2ccc(N3CCC(Oc4ccc(F)cc4)C3)nc2)c2c(C#N)cnn2c1,test,1
296815,6.3635121036466336,COc1ccc(CN2C3CC2CN(c2cnc(-c4cc(OCCN5CCOCC5)cn5ncc(C#N)c45)cn2)C3)cn1,training,1
305351,7.048662481204082,CCOc1cc(-c2ccc(N3CC(N)CC(C(F)(F)F)C3)nc2)c2c(C#N)cnn2c1,test,1
305379,7.057991946977688,CCOc1cc(-c2ccc(N3CCC(CN4CCN(CC)CC4)(NC(O)=NCC(C)C)CC3)nc2)c2c(C#N)cnn2c1,test,1
305009,6.681936665037237,CC(C)N=C(O)NC1(C)CCN(c2ccc(-c3cc(OCCO)cn4ncc(C#N)c34)cn2)CC1,test,1
305068,6.889410289700751,COc1cccnc1C(O)=NC1(C)CCN(c2ccc(-c3cc(OCC(C)(C)O)cn4ncc(C#N)c34)cn2)CC1,test,1
305486,6.1438755557577,CCOc1cc(-c2ccc(N3CC(N=C(O)CC(C)C)C(OC)C3)nc2)c2c(C#N)cnn2c1,test,1
305218,7.302770657240282,CC(C)(O)COc1cc(-c2ccc(N3CCC(C)(N=C(O)c4c(F)cccc4F)C3)nc2)c2c(C#N)cnn2c1,test,1
305455,6.767003889607847,CCOc1cc(-c2ccc(N3CCC(C)(C(O)=Nc4ccc(C)cn4)CC3)nc2)c2c(C#N)cnn2c1,test,1
296789,5.555955204081924,CCOc1cc(-c2ccc(N3CCC4(CCCN(C(C)=O)C4)C3)nc2)c2c(C#N)cnn2c1,training,0
296241,6.739928612014924,CCOc1cc(-c2ccc(N3CC4CC(C3)N4Cc3ccc(OC)nc3)nc2)c2c(C#N)cnn2c1,test,1
305002,6.199282921717615,N#Cc1cnn2cc(OCCO)cc(-c3ccc(N4CCCC(N)C4)nc3)c12,test,1
305084,7.0,COCc1cccc(C(O)=NC2(C)CCN(c3ccc(-c4cc(OCC(C)(C)O)cn5ncc(C#N)c45)cn3)CC2)c1,test,1
305689,7.440093374963888,CCOc1cc(-c2cnc(N3CCC(N=C(O)c4ncccc4Cl)C(O)C3)cn2)c2c(C#N)cnn2c1,test,1
305478,6.7544873321858505,COc1cc(-c2ccc(N3CCC(N=C(O)C4(C(F)(F)F)CC4)C(O)C3)nc2)c2c(C#N)cnn2c1,test,1
305328,6.774690718274138,CCOc1cc(-c2ccc(N3CCCC(N)C3)nc2)c2c(C#N)cnn2c1,test,1
305523,5.670602120638957,CCOc1cc(-c2ccc(N3CCC(C)(N=C(O)C4(N=C(O)OC(C)(C)C)CCOCC4)CC3)nc2)c2c(C#N)cnn2c1,training,0
305229,6.661543506395395,CC(C)(O)COc1cc(-c2ccc(N3CCC(N=C(O)c4ncccc4F)C3)nc2)c2c(C#N)cnn2c1,test,1
296695,5.383314479104488,COC(C)(C)COc1cc(-c2ccc(N3CC4CC(C3)N4S(=O)(=O)CC(C)C)nc2)c2c(C#N)cnn2c1,training,0
305600,6.8297382846050425,CCOc1cc(-c2ccc(N3CCC(Cc4ccccn4)(N=C(O)Cc4nccn4C)CC3)nc2)c2c(C#N)cnn2c1,test,1
305507,6.954677021213343,CCOc1cc(-c2ccc(N3CCC(N=C(O)C4(C)CCC4)C(O)C3)nc2)c2c(C#N)cnn2c1,test,1
305086,7.560667306169737,CC(C)(O)COc1cc(-c2ccc(N3CCC(C)(N=C(O)c4c(F)cccc4Cl)CC3)nc2)c2c(C#N)cnn2c1,test,1
305551,6.66354026615147,CCOc1cc(-c2ccc(N3CCC(CN(C)C)(N=C(O)CC4(OC)CC4)CC3)nc2)c2c(C#N)cnn2c1,test,1
305372,7.585026652029183,CCOc1cc(-c2ccc(N3CCC(CN4CCN(CC)CC4)(N=C(O)c4cc(F)ccc4C)CC3)nc2)c2c(C#N)cnn2c1,test,1
296743,6.681936665037237,COc1ncc(CN2C3CC2CN(c2ccc(-c4cc(OCC(C)O)cn5ncc(C#N)c45)cn2)C3)cc1F,test,1
305635,7.4034029043735385,CCOc1cc(-c2ccc(N3CCC(CN4CC5CC(C4)N5)(C(O)=NCC(C)C)CC3)nc2)c2c(C#N)cnn2c1,test,1
305467,5.454940415305998,CC(C)(O)COc1cc(-c2ccc(N3CCC(N)CC3)nc2)c2c(C#N)cnn2c1,training,0
305354,6.950781977329818,CCOc1cc(-c2ccc(N3CCC(CC)(C(O)=NCC(C)C)CC3)nc2)c2c(C#N)cnn2c1,test,1
305718,6.0030507515046185,Cc1nccnc1C(O)=NC1(C)CCN(c2ccc(-c3cc(OCC(C)(C)O)cn4ncc(C#N)c34)cn2)CC1,test,1
305545,6.7544873321858505,CCOc1cc(-c2ccc(N3CCC(COCCN4CCOCC4)(N=C(O)CC(C)C)CC3)nc2)c2c(C#N)cnn2c1,test,1
305242,7.716698771296451,COc1ncc(OC2CCN(c3ccc(-c4cc(OCC(C)(C)O)cn5ncc(C#N)c45)cn3)CC2)cc1F,test,1
305731,6.818156412055227,Cc1ccccc1CC1(O)CCN(c2ccc(-c3cc(OCC(C)(C)O)cn4ncc(C#N)c34)cn2)CC1,test,1
296814,6.271646217978772,COc1ncc(CN2C3CC2CN(c2cnc(-c4cc(OCCN5CCOCC5)cn5ncc(C#N)c45)cn2)C3)cc1Cl,training,1
296707,6.995678626217357,COc1ccc(CN2C3CC2CN(c2ccc(-c4cc(OCC5CCN(C)CC5)cn5ncc(C#N)c45)cn2)C3)cn1,test,1
305639,7.062983892535187,CCOc1cc(-c2ccc(N3CCC(CO)(C(O)=NCC(C)C)CC3)nc2)c2c(C#N)cnn2c1,test,1
296795,6.026410376572742,CCOc1cc(-c2ccc(N3CCC4(CCCN(CC)C4)C3)nc2)c2c(C#N)cnn2c1,test,1
305164,6.482804102050027,COc1ncc(OC2CN(c3ccc(-c4cc(OCC(C)(C)O)cn5ncc(C#N)c45)cn3)C2)cn1,test,1
305621,6.3535962737769305,CCOc1cc(-c2ccc(N3CCC(CN4CC5CC(C4)N5C(=O)OC(C)(C)C)(C(O)=NCC(C)C)CC3)nc2)c2c(C#N)cnn2c1,test,1
305193,6.847711655616944,CC(C)(O)COc1cc(-c2ccc(N3CCC(Oc4cncc(F)c4)C3)nc2)c2c(C#N)cnn2c1,test,1
305145,7.716698771296451,Cc1ccc(OC2CN(c3ccc(-c4cc(OCC(C)(C)O)cn5ncc(C#N)c45)cn3)C2)cc1,test,1
296808,6.991399828238082,CCOc1cc(-c2cnc(N3CC4CC(C3)N4Cc3ccc(OC)nc3)cn2)c2c(C#N)cnn2c1,training,1
305071,7.512861624522814,Cc1ncc(Cl)cc1C(O)=NC1(C)CCN(c2ccc(-c3cc(OCC(C)(C)O)cn4ncc(C#N)c34)cn2)CC1,test,1
305511,7.832682665251823,CCOc1cc(-c2ccc(N3CCC(N=C(O)c4ncccc4Cl)C(O)C3)nc2)c2c(C#N)cnn2c1,test,1
305406,7.266802734893432,COc1cc(-c2ccc(N3CCC(C)(N=C(O)c4cc(F)ccc4Cl)CC3)nc2)c2c(Cl)cnn2c1,test,1
305291,7.400116927926312,Cc1ccc(F)cc1C(O)=NC1(C)CCN(c2ccc(-c3cc(OCC4(C)CNC4)cn4ncc(C#N)c34)cn2)CC1,test,1
305220,6.876148359032914,CC(C)(O)COc1cc(-c2ccc(N3CCC(C)(N=C(O)c4ncccc4F)C3)nc2)c2c(C#N)cnn2c1,test,1
305610,6.586700235918747,CCOc1cc(-c2ccc(N3CCC(Cc4ccccn4)(N=C(O)CC4CN(CC)CCO4)CC3)nc2)c2c(C#N)cnn2c1,test,1
305014,6.627087997029892,CC(C)C(O)=NC1(C)CCN(c2ccc(-c3cc(OCC(C)(C)O)cn4ncc(C#N)c34)cn2)CC1,test,1
305192,7.059483515067433,Cc1cccc(OC2CCN(c3ccc(-c4cc(OCC(C)(C)O)cn5ncc(C#N)c45)cn3)C2)n1,test,1
305686,7.058488567365598,CCN1CC(F)(COc2cc(-c3cnc(N4CCC(C)(N=C(O)c5cc(F)ccc5Cl)CC4)cn3)c3c(C#N)cnn3c2)C1,test,1
305800,6.596879478824183,CCOc1cc(-c2ccc(N3CCC(Cc4ccccc4)(N=C(O)C4C(O)CCN4CC)CC3)nc2)c2c(C#N)cnn2c1,test,1
305064,7.586700235918747,CC(C)(O)COc1cc(-c2ccc(N3CCC(C)(N=C(O)c4c(F)cccc4F)CC3)nc2)c2c(C#N)cnn2c1,test,1
305129,6.928117992693874,Cc1c(Cl)cncc1C(O)=NC1(C)CCN(c2ccc(-c3cc(OCC(C)(C)O)cn4ncc(C#N)c34)cn2)CC1,test,1
305140,6.966576244513051,CC(C)(O)COc1cc(-c2ccc(N3CC(Oc4ccc(C#N)cc4)C3)nc2)c2c(C#N)cnn2c1,test,1
305031,7.458420756053419,COc1ccc(OC2CCN(c3ccc(-c4cc(OCC(C)(C)O)cn5ncc(C#N)c45)cn3)CC2)nn1,test,1
305318,7.54515513999149,CCOc1cc(-c2ccc(N3CCC(Cc4ccccc4)(N=C(O)CCO)CC3)nc2)c2c(C#N)cnn2c1,test,1
305797,7.431798275933005,CCOc1cc(-c2ccc(N3CCC(Cc4ccccc4)(N=C(O)C(N)C(C)O)CC3)nc2)c2c(C#N)cnn2c1,test,1
305790,7.568636235841013,CCOc1cc(-c2ccc(N3CCC(Cc4ccccc4)(N=C(O)CC(C)O)CC3)nc2)c2c(C#N)cnn2c1,test,1
296771,5.465085895570134,CCOc1cc(-c2ccc(N3CC4CC3CN4)nc2)c2c(C#N)cnn2c1,test,0
305670,7.939302159646387,Cc1cccc(Cl)c1C(O)=NC1(C)CCN(c2cnc(-c3cc(OCC4CNCCO4)cn4ncc(C#N)c34)cn2)CC1,test,1
305789,7.67778070526608,CCOc1cc(-c2ccc(N3CCC(Cc4ccccc4)(N=C(O)CO)CC3)nc2)c2c(C#N)cnn2c1,test,1
305542,6.293282217663242,CCOc1cc(-c2ccc(N3CCC(C)(N=C(O)OC4CCOC4)CC3)nc2)c2c(C#N)cnn2c1,test,1
305586,7.36251027048749,CCOc1cc(-c2ccc(N3CCC(CN4CCN(C)C(C)C4)(N=C(O)c4ncccc4Cl)CC3)nc2)c2c(C#N)cnn2c1,test,1
296779,5.651500429716163,CCOc1cc(-c2ccc(N3CCC4(CC3)CN4C(=O)c3ccc(OC)cc3)nc2)c2c(C#N)cnn2c1,test,0
305539,7.642065152999545,CCOc1cc(-c2ccc(N3CCC(C)(N=C(O)OC4CCCC4)CC3)nc2)c2c(C#N)cnn2c1,test,1
305109,6.872895201635193,CC(C)(O)COc1cc(-c2ccc(N3CCC(C)(N=C(O)Cc4ccccc4)CC3)nc2)c2c(C#N)cnn2c1,test,1
305652,7.173925197299174,CC(C)CC(O)=NC1(C)CCN(c2ccc(-c3cc(OCCN4CCOCC4)cn4ncc(C#N)c34)cn2)CC1,test,1
305752,7.619788758288393,COc1cc(-c2cnc(N3CCC(Cc4ccccc4)(N=C(O)C(O)CO)CC3)cn2)c2c(C#N)cnn2c1,test,1
305482,6.349692476868063,COc1cc(-c2ccc(N3CCC(C)(N=C(O)OC(C)C)CC3)nc2)c2c(Cl)cnn2c1,test,1
305257,7.380906669373259,CC(C)(O)COc1cc(-c2ccc(N3CCC(Oc4cccc(F)c4)CC3)nc2)c2c(C#N)cnn2c1,test,1
305028,6.966576244513051,CCOc1cc(-c2ccc(N3CCC(O)(Cc4ccccn4)CC3)nc2)c2c(C#N)cnn2c1,test,1
305602,6.477555766493679,CCOc1cc(-c2ccc(N3CCC(Cc4ccccn4)(N=C(O)C4CCCN4C)CC3)nc2)c2c(C#N)cnn2c1,test,1
305237,7.212539525481585,CC(C)(O)COc1cc(-c2ccc(N3CCC(Oc4ccc(F)cn4)CC3)nc2)c2c(C#N)cnn2c1,test,1
303768,6.546681659952962,CCOc1cc(-c2cnc(N3CC4CC(C3)N4Cc3ccc(CC)nc3)cn2)c2c(C#N)cnn2c1,training,1
305305,7.428291168191312,CC1(N=C(O)c2ncccc2Cl)CCN(c2ccc(-c3cc(OCCN)cn4ncc(C#N)c34)cn2)CC1,test,1
305200,5.80271944187438,CC(C)(O)COc1cc(-c2ccc(N3CCC(N4CCCC4=O)CC3)nc2)c2c(C#N)cnn2c1,test,0
296214,6.5934598195660445,CN1CCN(CCOc2cc(-c3ccc(N4CCN(Cc5ccccc5)CC4)nc3)c3c(C#N)cnn3c2)CC1,test,1
305204,6.638272163982407,CC(C)(O)COc1cc(-c2ccc(N3CCC(S(=O)(=O)CC4CC4)CC3)nc2)c2c(C#N)cnn2c1,test,1
315896,6.140261433802854,CCOc1cc(-c2ccc(N3CCC(C)(N=C(O)C4CCN4)CC3)nc2)c2c(C#N)cnn2c1,test,1
305667,7.274088367704952,Cc1cccc(Cl)c1C(O)=NC1(C)CCN(c2cnc(-c3cc(OCC(C)(C)O)cn4ncc(C#N)c34)cn2)CC1,test,1
305249,7.714442690992227,CC(C)(O)COc1cc(-c2ccc(N3CCC(Oc4cncc(F)c4)CC3)nc2)c2c(C#N)cnn2c1,test,1
305568,6.539102157243452,CCOc1cc(-c2ccc(N3CCC(CN4CCOCC4)(N=C(O)CC(F)(F)F)CC3)nc2)c2c(C#N)cnn2c1,test,1
305710,6.5003129173815966,CCOc1cc(-c2ccc(N3CCC(N=C(O)CC(C)C)C(N)C3)nc2)c2c(C#N)cnn2c1,test,1
305521,5.354283060630396,CCOc1cc(-c2ccc(N3CCC(C)(N=C(O)C(C)N(C)C(=O)OC(C)(C)C)CC3)nc2)c2c(C#N)cnn2c1,test,0
305694,6.718966632752272,CCOc1cc(-c2cnc(N3CCC(N=C(O)c4ncccc4C)C(O)C3)cn2)c2c(C#N)cnn2c1,test,1
305313,6.124360062995832,CCOc1cc(-c2ccc(N3CCC(O)(c4cccnc4)CC3)nc2)c2c(C#N)cnn2c1,test,1
305434,7.073143291050307,CCOc1cc(-c2ccc(N3CCC(C)(N=C(O)CC(C)C)CC3)nc2)c2c(C#N)cnn2c1,test,1
305194,6.563837352959244,COc1cncc(OC2CCN(c3ccc(-c4cc(OCC(C)(C)O)cn5ncc(C#N)c45)cn3)C2)c1,test,1
305728,7.013228265733755,Cc1cccc(CC2(O)CCN(c3ccc(-c4cc(OCC(C)(C)O)cn5ncc(C#N)c45)cn3)CC2)c1,test,1
305400,7.236572006437062,COc1cc(-c2ccc(N3CCC(Oc4ccc(C)nn4)CC3)nc2)c2c(Cl)cnn2c1,training,1
305234,6.294136287716081,CC(C)(O)COc1cc(-c2ccc(N3CCC(Oc4ncc(Cl)cc4F)CC3)nc2)c2c(C#N)cnn2c1,test,1
305096,6.612610173661269,Cc1cccc(C(O)=NC2(C)CCN(c3ccc(-c4cc(OCC(C)(C)O)cn5ncc(C#N)c45)cn3)CC2)n1,test,1
305374,7.9746941347352305,CCOc1cc(-c2ccc(N3CCC(CN4CCN(CC)CC4)(N=C(O)c4cc(F)ccc4F)CC3)nc2)c2c(C#N)cnn2c1,test,1
305395,7.047207556955907,N#Cc1cnn2cc(OCCN3CCOCC3)cc(-c3ccc(N4CCC(O)(Cc5ccccc5)CC4)nc3)c12,test,1
305166,5.886056647693162,CC(C)(O)COc1cc(-c2ccc(N3CC(Oc4cccc(C(F)(F)F)n4)C3)nc2)c2c(C#N)cnn2c1,training,0
305015,6.235823867609669,Cc1ccc(C(O)=NC2(C)CCN(c3ccc(-c4cc(OCC(C)(C)O)cn5ncc(C#N)c45)cn3)CC2)cn1,test,1
305554,7.3187587626244115,CCOc1cc(-c2ccc(N3CCC(CN(C)C)(N=C(O)c4ncccc4C(F)(F)F)CC3)nc2)c2c(C#N)cnn2c1,test,1
305450,5.679645967182329,CCOc1cc(-c2ccc(N3CCC(C)(C(=O)N4CCCC4)CC3)nc2)c2c(C#N)cnn2c1,training,0
305063,6.974694134735231,CC(C)(O)COc1cc(-c2ccc(N3CCC(C)(N=C(O)c4ncccc4C(F)(F)F)CC3)nc2)c2c(C#N)cnn2c1,test,1
305236,7.774690718274138,COc1ccc(OC2CCN(c3ccc(-c4cc(OCC(C)(C)O)cn5ncc(C#N)c45)cn3)CC2)nc1,test,1
305128,7.653647025549362,CC(C)(O)COc1cc(-c2ccc(N3CCC(C)(N=C(O)c4ccccc4Cl)CC3)nc2)c2c(C#N)cnn2c1,test,1
305546,6.7544873321858505,CCOc1cc(-c2ccc(N3CCC(COCCN4CCOCC4)(NC(=O)c4cccc(Cl)n4)CC3)nc2)c2c(C#N)cnn2c1,test,1
305174,6.694648630553376,CC(C)(O)COc1cc(-c2ccc(N3CC(OCc4ccccc4)C3)nc2)c2c(C#N)cnn2c1,test,1
296778,5.5215778122599195,CCOc1cc(-c2ccc(N3CCC4(CC3)CN4C(=O)c3ccc(F)cc3)nc2)c2c(C#N)cnn2c1,training,0
305499,6.142064735280571,CCOc1cc(-c2ccc(N3CCC(N=C(O)OC(C)(C)C)C(OCCN(C)C)C3)nc2)c2c(C#N)cnn2c1,test,1
305029,7.679853713888947,CCOc1cc(-c2ccc(N3CC(N)C(Oc4cnc(OC)c(F)c4)C3)nc2)c2c(C#N)cnn2c1,test,1
305463,5.7675121336470125,CCOc1cc(-c2ccc(N3CCC(O)CC3)nc2)c2c(C#N)cnn2c1,test,0
305470,7.454692883534176,CC1(N=C(O)c2ncccc2Cl)CCN(c2ccc(-c3cc(O)cn4ncc(C#N)c34)cn2)CC1,test,1
305580,7.3187587626244115,CCOc1cc(-c2ccc(N3CCC(CN4CCN(CC)CC4)(N=C(O)c4cc(Cl)cnc4C)CC3)nc2)c2c(C#N)cnn2c1,test,1
305116,7.1649438982798825,CC(C)(O)COc1cc(-c2ccc(N3CCC(C)(N=C(O)c4ncc(F)cc4F)CC3)nc2)c2c(C#N)cnn2c1,test,1
305135,6.886056647693162,Cc1nc(C(O)=NC2(C)CCN(c3ccc(-c4cc(OCC(C)(C)O)cn5ncc(C#N)c45)cn3)CC2)co1,test,1
305424,7.301899454376611,CN1CC(F)(COc2cc(-c3ccc(N4CCC(C)(N=C(O)c5ccccc5)CC4)nc3)c3c(C#N)cnn3c2)C1,test,1
305386,7.430626090384954,CN1CCOC(COc2cc(-c3ccc(N4CCC(Oc5ccccn5)CC4)nc3)c3c(C#N)cnn3c2)C1,test,1
305418,7.453457336521868,COCCOc1cc(-c2ccc(N3CCC(C)(N=C(O)c4ncc(F)cc4Cl)CC3)nc2)c2c(C#N)cnn2c1,test,1
305325,7.920818753952375,CCOc1cc(-c2ccc(N3CCC(CO)(N=C(O)c4c(F)cccc4F)CC3)nc2)c2c(C#N)cnn2c1,test,1
305645,5.292174431667768,CN(C)C(=O)Oc1cc(-c2ccc(N3CCC(C)(N=C(O)OC(C)(C)C)CC3)nc2)c2c(C#N)cnn2c1,training,0
305732,6.673664139071248,Cc1cccc(CC2(O)CCN(c3ccc(-c4cc(OCC(C)(C)O)cn5ncc(C#N)c45)cn3)CC2)n1,test,1
305165,6.320572103387883,CC(C)(O)COc1cc(-c2ccc(N3CC(Oc4cccc(C(F)(F)F)c4)C3)nc2)c2c(C#N)cnn2c1,test,1
305519,5.820448208834812,CCOc1cc(-c2ccc(N3CCC(C)(N=C(O)C4(N=C(O)OC(C)(C)C)CC4)CC3)nc2)c2c(C#N)cnn2c1,training,0
305216,6.910094888560603,CC(C)(O)COc1cc(-c2ccc(N3CCC(C)(N=C(O)Cc4ccccc4)C3)nc2)c2c(C#N)cnn2c1,test,1
305579,7.866461091629782,CCOc1cc(-c2ccc(N3CCC(CN4CCN(CC)CC4)(N=C(O)c4ncc(F)cc4Cl)CC3)nc2)c2c(C#N)cnn2c1,test,1
305001,5.726998727936263,N#Cc1cnn2cc(OCCO)cc(-c3ccc(N4CCCC(O)C4)nc3)c12,training,0
305146,7.3400837999301505,CC(C)(O)COc1cc(-c2ccc(N3CC(Oc4cccc(Cl)c4)C3)nc2)c2c(C#N)cnn2c1,test,1
305736,7.136677139879544,CC(C)(O)COc1cc(-c2ccc(N3CCC(O)(Cc4cncc(F)c4)CC3)nc2)c2c(C#N)cnn2c1,test,1
296714,6.396855627379818,COc1ccc(CN2C3CC2CN(c2ccc(-c4cc(OCC5CN(C)C5)cn5ncc(C#N)c45)cn2)C3)cn1,test,1
305113,7.422508200162776,COc1cccc(C(O)=NC2(C)CCN(c3ccc(-c4cc(OCC(C)(C)O)cn5ncc(C#N)c45)cn3)CC2)c1C,test,1
305027,7.67778070526608,CC(C)(O)COc1cc(-c2ccc(N3CC(Oc4ccccc4)C3)nc2)c2c(C#N)cnn2c1,test,1
305299,7.29929628285498,CN(C)CCOc1cc(-c2ccc(N3CCC(C)(N=C(O)c4ncccc4Cl)CC3)nc2)c2c(C#N)cnn2c1,test,1
305413,6.2660007134616125,CC(C)(O)COc1cc(-c2ccc(N3CCC(Nc4ccccc4)CC3)nc2)c2c(Cl)cnn2c1,training,1
296824,6.519993057042849,CCOc1cc(-c2cnc(N3CC4CC(C3)N4Cc3cnc(OC)c(C)c3)cn2)c2c(C#N)cnn2c1,training,1
296788,6.325138859262188,CCOc1cc(-c2ccc(N3CCC4(CCCNC4)C3)nc2)c2c(C#N)cnn2c1,test,1
415965,6.337242168318426,CC(C)(O)COc1cc(-c2ccc(N3CCC(Oc4ccccc4C#N)CC3)nc2)c2c(C#N)cnn2c1,test,1
305260,5.355659901173677,COC1CCN(c2ccc(-c3cc(OCC(C)(C)O)cn4ncc(C#N)c34)cn2)CC1,training,0
305013,7.262807357295263,CC(C)(O)COc1cc(-c2ccc(N3CCC(C)(N=C(O)c4ccccc4)CC3)nc2)c2c(C#N)cnn2c1,test,1
305052,7.188424994129408,COc1ccccc1C(O)=NC1(C)CCN(c2ccc(-c3cc(OCC(C)(C)O)cn4ncc(C#N)c34)cn2)CC1,test,1
296780,5.7011469235902945,CCOc1cc(-c2ccc(N3CCC4(CC3)CN4C(=O)c3ccc(OC)nc3)nc2)c2c(C#N)cnn2c1,training,0
305021,7.405607449624574,CC(C)(O)COc1cc(-c2ccc(N3CCC(Oc4ccc(F)cc4)CC3)nc2)c2c(C#N)cnn2c1,test,1
305737,5.921905849593589,CCOc1cc(-c2ccc(N3CCC(O)(Cc4ccc(OC)nc4)CC3)nc2)c2c(C#N)cnn2c1,training,0
305429,7.023191662661934,CCOc1cc(-c2ccc(N3CCC(C)(N=C(O)OC(C)(C)C)CC3)nc2)c2c(C#N)cnn2c1,test,1
305345,7.045757490560675,CCOc1cc(-c2ccc(N3CC(N)C(Oc4cc(F)c(OC)cn4)C3)nc2)c2c(C#N)cnn2c1,test,1
305754,7.619788758288393,CCOc1cc(-c2cnc(N3CCC(C)(N=C(O)c4cc(F)ccc4Cl)CC3)cn2)c2c(C#N)cnn2c1,test,1
305674,7.410050398674293,Cc1cccc(Cl)c1C(O)=NC1(C)CCN(c2cnc(-c3cc(OCCN4CCC4)cn4ncc(C#N)c34)cn2)CC1,test,1
305267,7.077274542006741,CC(C)(O)COc1cc(-c2ccc(N3CC4CC(C3)C4Nc3ccccn3)nc2)c2c(C#N)cnn2c1,test,1
296794,6.0762380391713,CCOc1cc(-c2ccc(N3CCC4(CCCN(C)C4)C3)nc2)c2c(C#N)cnn2c1,test,1
305788,6.7447274948966935,CCOc1cc(-c2ccc(N3CCC(CN=C(O)c4ncccc4Cl)C3)nc2)c2c(C#N)cnn2c1,test,1
305010,6.73754891026957,CC(C)CN=C(O)NC1(C)CCN(c2ccc(-c3cc(OCCO)cn4ncc(C#N)c34)cn2)CC1,test,1
305297,6.638272163982407,COc1cc(-c2ccc(N3CCC(C)(N(C)C(=O)c4ncccc4Cl)CC3)nc2)c2c(C#N)cnn2c1,test,1
305703,7.522878745280337,CCOc1cc(-c2ccc(N3CCC(N=C(O)CC(C)C)C(O)C3)nc2)c2c(Cl)cnn2c1,training,1
305099,6.492144128304169,Cc1ccc(C(=O)NC2(C)CCN(c3ccc(-c4cc(OCC(C)(C)O)cn5ncc(C#N)c45)cn3)CC2)nc1,test,1
305323,5.575445023393288,CCOc1cc(-c2ccc(N3CCC(CO)(Cc4ccc(OC)cc4)CC3)nc2)c2c(C#N)cnn2c1,training,0
305524,7.048662481204082,CCOc1cc(-c2ccc(N3CCC(C)(N=C(O)C4(C(F)(F)F)CCC4)CC3)nc2)c2c(C#N)cnn2c1,test,1
304994,6.578396073130169,CCOc1cc(-c2ccc(N3CCC(Oc4ncccn4)CC3)nc2)c2c(C#N)cnn2c1,test,1
305644,7.372634143407267,CCOc1cc(-c2ccc(N3CCC(CN(C)C)(N=C(O)CC(C)C)CC3)cc2)c2c(C#N)cnn2c1,test,1
305405,7.512861624522814,COc1cc(-c2ccc(N3CCC(C)(N=C(O)c4c(F)cccc4Cl)CC3)nc2)c2c(Cl)cnn2c1,test,1
305363,7.832682665251823,CCOc1cc(-c2ccc(N3CCC(CN(C)CCCO)(N=C(O)c4cc(F)ccc4C)CC3)nc2)c2c(C#N)cnn2c1,test,1
305550,7.180456064458133,CCOc1cc(-c2ccc(N3CCC(O)(CNS(=O)(=O)c4ccccc4)CC3)nc2)c2c(C#N)cnn2c1,test,1
305622,6.779891911959945,CCOc1cc(-c2ccc(N3CCC(CN4CC5(CN(C)C5)C4)(C(O)=NCC(C)C)CC3)nc2)c2c(C#N)cnn2c1,test,1
305163,6.856985199745905,COc1ccc(OC2CN(c3ccc(-c4cc(OCC(C)(C)O)cn5ncc(C#N)c45)cn3)C2)nn1,test,1
305207,5.791827473332878,CC(C)(O)COc1cc(-c2ccc(N3CCC(S(=O)c4ccccn4)CC3)nc2)c2c(C#N)cnn2c1,training,0
305322,7.472370099128661,CCOc1cc(-c2ccc(N3CCC(COCC(=O)N(C)C)(Cc4ccccc4)CC3)nc2)c2c(C#N)cnn2c1,test,1
305143,6.742321425130816,CC(C)(O)COc1cc(-c2ccc(N3CC(Oc4ccccc4F)C3)nc2)c2c(C#N)cnn2c1,test,1
305479,6.374687549038327,COc1cc(-c2ccc(N3CCC(N=C(O)C(C)C(C)C)C(O)C3)nc2)c2c(C#N)cnn2c1,test,1
305446,6.718966632752272,CN1CC(F)(COc2cc(-c3ccc(N4CCC(C)(N=C(O)c5ccccn5)CC4)nc3)c3c(C#N)cnn3c2)C1,test,1
305088,7.690369832574103,CC(C)(O)COc1cc(-c2ccc(N3CCC(C)(N=C(O)c4ncc(F)cc4Cl)CC3)nc2)c2c(C#N)cnn2c1,test,1
305066,6.6003262785189625,CCc1cccc(C(O)=NC2(C)CCN(c3ccc(-c4cc(OCC(C)(C)O)cn5ncc(C#N)c45)cn3)CC2)n1,test,1
305577,7.148741651280925,CCOc1cc(-c2ccc(N3CCC(CN4CCN(CC)CC4)(N=C(O)C(C)C(C)C)CC3)nc2)c2c(C#N)cnn2c1,test,1
305056,7.335358024443876,Cc1c(Cl)cccc1C(O)=NC1(C)CCN(c2ccc(-c3cc(OCC(C)(C)O)cn4ncc(C#N)c34)cn2)CC1,test,1
305768,6.747146969020108,Cc1ccc(Cl)c(C(O)=NC2(C)CCN(c3cnc(-c4cc(OCC(C)(C)O)cn5ncc(C#N)c45)cn3)CC2)n1,test,1
305320,7.051098239029787,CCOc1cc(-c2ccc(N3CCC(CO)(Cc4ccccc4)CC3)nc2)c2c(C#N)cnn2c1,test,1
305397,7.300162274132753,COCCOc1cc(-c2ccc(N3CC(Oc4ccccn4)C3)nc2)c2c(C#N)cnn2c1,test,1
305256,7.2580609222708015,CC(C)(O)COc1cc(-c2ccc(N3CCC(Oc4ccc(C#N)cc4)CC3)nc2)c2c(C#N)cnn2c1,test,1
305459,7.202040356262804,CCOc1cc(-c2ccc(N3CCC(C)(C(O)=NC(C)C(C)C)CC3)nc2)c2c(C#N)cnn2c1,test,1
305041,7.024568191490737,CC(C)(O)COc1cc(-c2ccc(N3CCC(C)(N=C(O)c4ccc(F)c(F)c4)CC3)nc2)c2c(C#N)cnn2c1,test,1
305261,6.614393726401689,Cn1c(C2CCN(c3ccc(-c4cc(OCC(C)(C)O)cn5ncc(C#N)c45)cn3)CC2)nc2ccccc21,test,1
305158,7.749579997691106,COc1ncc(OC2CN(c3ccc(-c4cc(OCC(C)(C)O)cn5ncc(C#N)c45)cn3)C2)cc1F,test,1
305799,7.568636235841013,CCOc1cc(-c2ccc(N3CCC(Cc4ccccc4)(N=C(O)C4NCCC4O)CC3)nc2)c2c(C#N)cnn2c1,test,1
305497,6.995678626217357,CCOc1cc(-c2ccc(N3CCC(N=C(O)OC(C)(C)C)C(O)C3)nc2)c2c(C#N)cnn2c1,test,1
305235,7.49894073778225,CC(C)(O)COc1cc(-c2ccc(N3CCC(Oc4cncc(Cl)c4)CC3)nc2)c2c(C#N)cnn2c1,test,1
305746,6.607303046740334,COc1cc(-c2cnc(N3CCC(C)(N=C(O)c4ncccc4Cl)CC3)cn2)c2c(Cl)cnn2c1,test,1
305618,6.798602875679549,CCOc1cc(-c2ccc(N3CCC(Cc4ccccc4)(CN(C)CC(=O)N(C)C)CC3)nc2)c2c(C#N)cnn2c1,test,1
296775,6.716698771296451,CCOc1cc(-c2ccc(N3CCC4(CC3)CN4S(=O)(=O)c3ccc(F)cc3)nc2)c2c(C#N)cnn2c1,test,1
305583,7.169411331314857,CCOc1cc(-c2ccc(N3CCC(CN4CCN(CC)CC4)(N=C(O)OC(C)C)CC3)nc2)c2c(C#N)cnn2c1,test,1
305292,7.5406075122407685,Cc1ccc(F)cc1C(O)=NC1(C)CCN(c2ccc(-c3cc(OCC4(C)CN(C)C4)cn4ncc(C#N)c34)cn2)CC1,test,1
305376,7.277366077466188,CCOc1cc(-c2ccc(N3CCC(CN4CCN(CC)CC4)(N=C(O)CC4CC4)CC3)nc2)c2c(C#N)cnn2c1,test,1
305049,7.3400837999301505,CC(C)(O)COc1cc(-c2ccc(N3CCC(C)(N=C(O)c4cccc(F)c4)CC3)nc2)c2c(C#N)cnn2c1,test,1
296723,5.3854191330025145,COc1ccc(C(=O)N2C3CC2CN(c2ccc(-c4cc(OCC5(C)COC5)cn5ncc(C#N)c45)cn2)C3)cn1,training,0
305751,6.79048498545737,CC(C)(O)COc1cc(-c2cnc(N3CCC(O)(Cc4ccccn4)CC3)cn2)c2c(C#N)cnn2c1,test,1
305706,7.397940008672037,CCOc1cc(-c2ccc(N3CCC(N=C(O)c4ncccc4C(F)(F)F)C(O)C3)nc2)c2c(C#N)cnn2c1,test,1
305230,6.522878745280337,CC(C)(O)COc1cc(-c2ccc(N3CCC(N=C(O)c4ncccc4Cl)C3)nc2)c2c(C#N)cnn2c1,test,1
305734,5.574302786637409,Cc1cnc(CC2(O)CCN(c3ccc(-c4cc(OCC(C)(C)O)cn5ncc(C#N)c45)cn3)CC2)cn1,training,0
305441,6.621602099051862,CC1(N=C(O)c2ccccn2)CCN(c2ccc(-c3cc(OCCN4CCCC4)cn4ncc(C#N)c34)cn2)CC1,test,1
305692,6.330683119433888,CCOc1cc(-c2cnc(N3CCC(N=C(O)c4ncccc4C(F)(F)F)C(O)C3)cn2)c2c(C#N)cnn2c1,test,1
305493,5.190979279516327,CCOc1cc(-c2ccc(N3CCC(N=C(O)OC(C)(C)C)C(OC)C3)nc2)c2c(C#N)cnn2c1,training,0
305762,7.040958607678907,Cc1cccc(Cl)c1C(O)=NC1(C)CCN(c2cnc(-c3cc(OCCC(C)(C)O)cn4ncc(C#N)c34)cn2)CC1,test,1
305713,7.823908740944319,CCOc1cc(-c2ccc(N3CCC(N=C(O)c4cc(F)ccc4C)C(N)C3)nc2)c2c(C#N)cnn2c1,test,1
305112,6.232844133917818,Cc1cncc(C(O)=NC2(C)CCN(c3ccc(-c4cc(OCC(C)(C)O)cn5ncc(C#N)c45)cn3)CC2)c1,test,1
305304,7.226945306635737,CC1(N=C(O)c2ncccc2Cl)CCN(c2ccc(-c3cc(OCCN=C(O)OC(C)(C)C)cn4ncc(C#N)c34)cn2)CC1,test,1
305311,7.642065152999545,CCOc1cc(-c2ccc(N3CCC(O)(c4ccccc4)CC3)nc2)c2c(C#N)cnn2c1,test,1
305171,7.818156412055227,CC(C)(O)COc1cc(-c2ccc(N3CC(Oc4cc(F)cc(F)c4)C3)nc2)c2c(C#N)cnn2c1,test,1
305665,7.044793462458057,Cc1ccc(F)cc1C(O)=NC1(C)CCN(c2ncc(-c3cc(OCCN4CCOCC4)cn4ncc(C#N)c34)cn2)CC1,test,1
305698,6.116338564846384,CCOc1cc(-c2ccc(N3CCC(OCCOC(C)C)C(N)C3)nc2)c2c(C#N)cnn2c1,test,1
305581,7.446116973356126,CCOc1cc(-c2ccc(N3CCC(CN4CCN(CC)CC4)(N=C(O)c4ncccc4Cl)CC3)nc2)c2c(C#N)cnn2c1,test,1
305735,7.142667503568733,CC(C)(O)COc1cc(-c2ccc(N3CCC(O)(Cc4ncccc4Cl)CC3)nc2)c2c(C#N)cnn2c1,test,1
305321,6.0,CCOc1cc(-c2ccc(N3CCC(COC)(Cc4ccccc4)CC3)nc2)c2c(C#N)cnn2c1,test,1
305625,6.73754891026957,CCOc1cc(-c2ccc(N3CCC(CN4CC(OC)C4)(C(O)=NCC(C)C)CC3)nc2)c2c(C#N)cnn2c1,test,1
305693,7.9586073148417755,CCOc1cc(-c2cnc(N3CCC(N=C(O)c4c(F)cccc4Cl)C(O)C3)cn2)c2c(C#N)cnn2c1,test,1
305067,7.099086932262331,CC(C)(O)COc1cc(-c2ccc(N3CCC(C)(N=C(O)c4ncccc4F)CC3)nc2)c2c(C#N)cnn2c1,test,1
305286,7.573488738635424,Cc1ccc(F)cc1C(O)=NC1(C)CCN(c2ccc(-c3cc(OCC4(F)CNC4)cn4ncc(C#N)c34)cn2)CC1,test,1
305346,7.772113295386326,CCOc1cc(-c2ccc(N3CC(N)C(Oc4ccccn4)C3)nc2)c2c(C#N)cnn2c1,test,1
305040,7.444905551421682,Cc1cccc(F)c1C(O)=NC1(C)CCN(c2ccc(-c3cc(OCC(C)(C)O)cn4ncc(C#N)c34)cn2)CC1,test,1
305317,5.216024996587329,CCOc1cc(-c2ccc(N3CCC(Oc4ccc(OCCO)nc4)CC3)nc2)c2c(C#N)cnn2c1,test,0
305107,6.910094888560603,Cc1ncccc1C(O)=NC1(C)CCN(c2ccc(-c3cc(OCC(C)(C)O)cn4ncc(C#N)c34)cn2)CC1,test,1
305048,7.161150909262744,CC(C)(O)COc1cc(-c2ccc(N3CCC(C)(N=C(O)c4cc(F)cc(F)c4)CC3)nc2)c2c(C#N)cnn2c1,test,1
305272,7.096910013008057,CC(C)(O)COc1cc(-c2ccc(N3CC4CC(C3)C4N=C(O)c3ccccn3)nc2)c2c(C#N)cnn2c1,test,1
305251,7.1732774798310075,CC(C)(O)COc1cc(-c2ccc(N3CCC(Oc4cccnn4)CC3)nc2)c2c(C#N)cnn2c1,test,1
305745,6.9065783148377635,CC(C)(O)COc1cc(-c2cnc(N3CCC(O)(Cc4ncccc4Cl)CC3)cn2)c2c(C#N)cnn2c1,test,1
296476,6.104025267640934,COCCOc1cc(-c2ccc(N3CCN(Cc4ccc(OC)nc4)CC3)nc2)c2c(C#N)cnn2c1,test,1
305076,7.394694953858892,CC(C)(O)COc1cc(-c2ccc(N3CCC(C)(NC(=O)c4ccc(F)cc4)CC3)nc2)c2c(C#N)cnn2c1,test,1
305005,7.151195298948196,CC(C)CC(O)=NC1(C)CCN(c2ccc(-c3cc(OCCO)cn4ncc(C#N)c34)cn2)CC1,test,1
305093,7.18575240426808,CC(C)(O)COc1cc(-c2ccc(N3CCC(C)(N=C(O)c4cccc(CO)c4)CC3)nc2)c2c(C#N)cnn2c1,test,1
296698,6.607303046740334,COc1ccc(CN2C3CC2CN(c2ccc(-c4cc(OCC5CNCCO5)cn5ncc(C#N)c45)cn2)C3)cn1,training,1
305636,7.042871802323187,CCOc1cc(-c2ccc(N3CCC(CN4CCN(CC)C(C)C4)(C(O)=NCC(C)C)CC3)nc2)c2c(C#N)cnn2c1,test,1
305231,6.51427857351842,CC(C)(O)COc1cc(-c2ccc(N3CCC(Oc4ncccn4)CC3)nc2)c2c(C#N)cnn2c1,test,1
305503,7.657577319177793,CCOc1cc(-c2ccc(N3CCC(N=C(O)CC(C)C)C(O)C3)nc2)c2c(C#N)cnn2c1,test,1
305176,7.296708621881338,CC(C)(O)COc1cc(-c2ccc(N3CC(Oc4ccc(OC(F)F)nc4)C3)nc2)c2c(C#N)cnn2c1,test,1
305070,7.139661993429008,CC(C)(O)COc1cc(-c2ccc(N3CCC(C)(N=C(O)c4cccc(Cl)c4)CC3)nc2)c2c(C#N)cnn2c1,test,1
296787,5.889410289700751,CCOc1cc(-c2ccc(N3CCC4(CCCN(C(=O)OC(C)(C)C)C4)C3)nc2)c2c(C#N)cnn2c1,training,0
305439,7.367542707815276,CC1(N=C(O)c2ccccn2)CCN(c2ccc(-c3cc(OCCn4ccnc4)cn4ncc(C#N)c34)cn2)CC1,test,1
305381,5.615825861192967,CCOc1cc(-c2ccc(N3CCC(Cc4ccccc4)(CN4CCOCC4)CC3)nc2)c2c(C#N)cnn2c1,test,0
305335,5.890759031411798,CCCOC1CN(c2ccc(-c3cc(OCC)cn4ncc(C#N)c34)cn2)CC1N,training,0
305510,6.583359492661719,CCOc1cc(-c2ccc(N3CCC(N=C(O)c4ncccc4Cl)C(OC)C3)nc2)c2c(C#N)cnn2c1,test,1
296725,6.681936665037237,COc1ccc(CN2C3CC2CN(c2ccc(-c4cc(OCC5CC(O)C5)cn5ncc(C#N)c45)cn2)C3)cn1,test,1
305137,5.619065536669298,Cc1ncn(C)c1C(O)=NC1(C)CCN(c2ccc(-c3cc(OCC(C)(C)O)cn4ncc(C#N)c34)cn2)CC1,training,0
305453,7.021819483062585,CCOc1cc(-c2ccc(N3CCC(C)(C(O)=Nc4cccnc4)CC3)nc2)c2c(C#N)cnn2c1,test,1
305240,7.061480274823508,COc1cnc(OC2CCN(c3ccc(-c4cc(OCC(C)(C)O)cn5ncc(C#N)c45)cn3)CC2)cn1,test,1
305172,7.1220530483708115,COc1ncc(OC2CN(c3ccc(-c4cc(OCC(C)(C)O)cn5ncc(C#N)c45)cn3)C2)cc1Cl,test,1
296817,6.995678626217357,COc1ccc(CN2C3CC2CN(c2cnc(-c4cc(OCC5CNCCO5)cn5ncc(C#N)c45)cn2)C3)cn1,training,1
305203,6.962573502059376,CC(C)(O)COc1cc(-c2ccc(N3CCC(S(=O)(=O)c4ccccn4)CC3)nc2)c2c(C#N)cnn2c1,test,1
305282,6.217527375833714,CC(C)(O)COc1cc(-c2ccc(N3CCC(C)(C(O)=NCC4CCCOC4)CC3)nc2)c2c(C#N)cnn2c1,test,1
305050,7.560667306169737,Cc1ccccc1C(O)=NC1(C)CCN(c2ccc(-c3cc(OCC(C)(C)O)cn4ncc(C#N)c34)cn2)CC1,test,1
305663,6.507239610973163,Cc1cccc(Cl)c1C(O)=NC1(C)CCN(c2ccc(-c3cc(OCCN4CCOCC4)cn4ncc(C#N)c34)cn2)CC1,test,1
296818,6.815308569182402,COc1ccc(CN2C3CC2CN(c2cnc(-c4cc(OCC5(F)CNC5)cn5ncc(C#N)c45)cn2)C3)cn1,training,1
305557,6.924453038607469,CCOc1cc(-c2ccc(N3CCC(CN(C)C)(N=C(O)OCC4CC4)CC3)nc2)c2c(C#N)cnn2c1,test,1
305152,7.835647144215562,CC(C)(O)COc1cc(-c2ccc(N3CC(Oc4cccc(F)c4)C3)nc2)c2c(C#N)cnn2c1,test,1
305678,7.214670164989233,Cc1ccc(F)cc1C(O)=NC1(C)CCN(c2cnc(-c3cc(OCCN4CCOCC4)cn4ncc(C#N)c34)cn2)CC1,test,1
305108,6.982966660701218,Cc1cccnc1C(O)=NC1(C)CCN(c2ccc(-c3cc(OCC(C)(C)O)cn4ncc(C#N)c34)cn2)CC1,test,1
305181,6.5003129173815966,Cc1ccc(F)cc1C(O)=NC1(C)CN(c2ccc(-c3cc(OCC(C)(C)O)cn4ncc(C#N)c34)cn2)C1,test,1
305683,7.671620396561263,Cc1cccc(Cl)c1C(O)=NC1(C)CCN(c2cnc(-c3cc(OCC4(F)CNC4)cn4ncc(C#N)c34)cn2)CC1,test,1
296724,6.910094888560603,COc1ccc(CN2C3CC2CN(c2ccc(-c4cc(OC5CC(O)C5)cn5ncc(C#N)c45)cn2)C3)cn1,test,1
305205,7.301899454376611,CC(C)(O)COc1cc(-c2ccc(N3CCC(S(=O)(=O)Cc4ccccc4)CC3)nc2)c2c(C#N)cnn2c1,test,1
305196,7.1586405295451465,COc1ccc(OC2CCN(c3ccc(-c4cc(OCC(C)(C)O)cn5ncc(C#N)c45)cn3)C2)nn1,test,1
305532,6.161780778092375,CCOc1cc(-c2ccc(N3CCC(C)(N=C(O)C(C)NC)CC3)nc2)c2c(C#N)cnn2c1,test,1
305085,7.527243550682787,Cc1cccc(Cl)c1C(O)=NC1(C)CCN(c2ccc(-c3cc(OCC(C)(C)O)cn4ncc(C#N)c34)cn2)CC1,test,1
305627,7.0655015487564325,CCOc1cc(-c2ccc(N3CCC(CN4CCC(OC)C4)(C(O)=NCC(C)C)CC3)nc2)c2c(C#N)cnn2c1,test,1
305312,6.9586073148417755,CCOc1cc(-c2ccc(N3CCC(O)(c4ccccn4)CC3)nc2)c2c(C#N)cnn2c1,test,1
305650,6.872895201635193,CC(C)OC(O)=NC1(C)CCN(c2ccc(-c3cc(OCCN4CCOCC4)cn4ncc(C#N)c34)cn2)CC1,test,1
305250,6.739928612014924,COc1ccnc(OC2CCN(c3ccc(-c4cc(OCC(C)(C)O)cn5ncc(C#N)c45)cn3)CC2)c1,test,1
305038,7.675717544702308,CC(C)(O)COc1cc(-c2ccc(N3CCC(C)(N=C(O)c4cccc(F)c4F)CC3)nc2)c2c(C#N)cnn2c1,test,1
296440,6.072116589669293,COc1ncc(CN2C3CC2CN(c2ccc(-c4cc(OCC(C)(C)O)cn5ncc(C#N)c45)cn2)C3)cc1Cl,test,1
305271,7.1090204030103115,CC(C)(O)COc1cc(-c2ccc(N3CC4CC(C3)C4N=C(O)c3ccccc3)nc2)c2c(C#N)cnn2c1,test,1
305514,6.801342913045577,CCOc1cc(-c2ccc(N3CCC(N=C(O)OC(C)C)C(O)C3)nc2)c2c(C#N)cnn2c1,test,1
305543,6.777283528852418,CCOc1cc(-c2ccc(N3CCC(C)(N=C(O)OC4CCC4)CC3)nc2)c2c(C#N)cnn2c1,test,1
305177,7.131943638176959,Cc1ccnc(OC2CN(c3ccc(-c4cc(OCC(C)(C)O)cn5ncc(C#N)c45)cn3)C2)c1,test,1
305448,6.917214629683549,CN1CCN(CCOc2cc(-c3ccc(N4CCC(C)(N=C(O)c5ccccn5)CC4)nc3)c3c(C#N)cnn3c2)CC1,test,1
305289,7.326058001365912,Cc1ccc(F)cc1C(O)=NC1(C)CCN(c2ccc(-c3cc(OCCN4CCCC4)cn4ncc(C#N)c34)cn2)CC1,test,1
305155,6.872895201635193,CC(C)(O)COc1cc(-c2ccc(N3CC(Oc4ccc(Cl)cn4)C3)nc2)c2c(C#N)cnn2c1,test,1
305284,7.241088107602026,Cc1ccc(F)cc1N=C(O)C1(C)CCN(c2ccc(-c3cc(OCC(C)(C)O)cn4ncc(C#N)c34)cn2)CC1,test,1
305121,6.616184634019568,Cc1ncncc1C(O)=NC1(C)CCN(c2ccc(-c3cc(OCC(C)(C)O)cn4ncc(C#N)c34)cn2)CC1,test,1
305370,6.485452247339714,CCOc1cc(-c2ccc(N3CCC(CN(C)C)(NC(O)=NC(C)C)CC3)nc2)c2c(C#N)cnn2c1,test,1
305709,6.7121982700697735,CCOc1cc(-c2ccc(N3CCC(N=C(O)CCC(F)(F)F)C(O)C3)nc2)c2c(C#N)cnn2c1,test,1
315689,7.236572006437062,CCOc1cc(-c2ccc(N3CCC(CO)(NC(=O)c4ncccc4C#N)CC3)nc2)c2c(C#N)cnn2c1,test,1
296821,6.815308569182402,COc1cc(-c2cnc(N3CC4CC(C3)N4Cc3ccc(OC)nc3)cn2)c2c(Cl)cnn2c1,training,1
305680,7.795880017344076,Cc1cccc(Cl)c1C(O)=NC1(C)CCN(c2cnc(-c3cc(OCCN4CCNCC4)cn4ncc(C#N)c34)cn2)CC1,test,1
305258,7.192464971931147,CC(C)(O)COc1cc(-c2ccc(N3CCC(Oc4ccccc4F)CC3)nc2)c2c(C#N)cnn2c1,test,1
305394,5.96738123914928,N#Cc1cnn2cc(OCCN3CCOCC3)cc(-c3ccc(N4CCC(O)(Cc5ccccn5)CC4)nc3)c12,training,0
315378,6.5003129173815966,COc1ccc(C(O)=NC2(C)CCN(c3ccc(-c4cc(OCC(C)(C)O)cn5ncc(C#N)c45)cn3)CC2)cn1,test,1
305588,6.920818753952375,CCOc1cc(-c2ccc(N3CCC(CN4CCNC(C)C4)(N=C(O)OC(C)C)CC3)nc2)c2c(C#N)cnn2c1,test,1
305716,6.493494967595128,Cc1cccc(Cl)c1C(O)=NC1(C)CCN(c2cnc(-c3cc(OCCN4CCOCC4)cn4ncc(C#N)c34)nc2)CC1,test,1
305763,7.045757490560675,Cc1cccc(Cl)c1C(O)=NC1(C)CCN(c2cnc(-c3cc(OCCN4CC(F)(F)C4)cn4ncc(C#N)c34)cn2)CC1,test,1
305197,6.863279432843593,COc1ncc(OC2CCN(c3ccc(-c4cc(OCC(C)(C)O)cn5ncc(C#N)c45)cn3)C2)cc1Cl,test,1
296749,6.089375595110799,COc1ccc(CN2C3CC2CN(c2ccc(-c4cc(OCC5(O)CC5)cn5ncc(C#N)c45)cn2)C3)cn1,test,1
305061,7.477555766493679,CC(C)(O)COc1cc(-c2ccc(N3CCC(C)(N=C(O)c4ccccc4F)CC3)nc2)c2c(C#N)cnn2c1,test,1
305184,5.388382889445664,CC(C)(O)COc1cc(-c2ccc(N3CCC(C)(N4CCCCC4)CC3)nc2)c2c(C#N)cnn2c1,training,0
305309,7.149353764816934,CCOc1cc(-c2ccc(N3CCC(O)(Cc4ccccc4)CC3)nc2)c2c(C#N)cnn2c1,test,1
305398,7.619788758288393,Cc1ccc(OC2CCN(c3ccc(-c4cc(OCC(C)O)cn5ncc(C#N)c45)cn3)CC2)nn1,test,1
305744,6.935542010773082,CC(O)COc1cc(-c2ccc(N3CCC(O)(Cc4ncccc4Cl)CC3)nc2)c2c(C#N)cnn2c1,test,1
305114,7.392544976785332,COc1ccc(C)c(C(O)=NC2(C)CCN(c3ccc(-c4cc(OCC(C)(C)O)cn5ncc(C#N)c45)cn3)CC2)c1,test,1
305078,7.5406075122407685,Cc1ccc(F)c(C(O)=NC2(C)CCN(c3ccc(-c4cc(OCC(C)(C)O)cn5ncc(C#N)c45)cn3)CC2)n1,test,1
305587,5.399353764337606,CCOc1cc(-c2ccc(N3CCC(CN4CCN(C(=O)OC(C)(C)C)C(C)C4)(N=C(O)OC(C)C)CC3)nc2)c2c(C#N)cnn2c1,training,0
305563,7.5968794788241825,CCOc1cc(-c2ccc(N3CCC(CN4CCCC4)(N=C(O)CC(C)C)CC3)nc2)c2c(C#N)cnn2c1,test,1
305273,6.924453038607469,CC(C)(O)COc1cc(-c2ccc(N3CCC(N=C(O)c4ccccc4)CC3)nc2)c2c(C#N)cnn2c1,test,1
305090,7.044312249686494,COc1ccc(F)cc1C(O)=NC1(C)CCN(c2ccc(-c3cc(OCC(C)(C)O)cn4ncc(C#N)c34)cn2)CC1,test,1
305475,7.259637310505756,COc1cc(-c2ccc(N3CCC(N=C(O)CC(C)C)C(O)C3)nc2)c2c(C#N)cnn2c1,test,1
304980,5.405496956179912,CCOc1cc(-c2ccc(N3CCCC(N=C(O)OC(C)(C)C)C3)nc2)c2c(C#N)cnn2c1,training,0
305559,5.9147094217699365,CCOc1cc(-c2ccc(N3CCC(CN(C)C)(N=C(O)N4CCCC4)CC3)nc2)c2c(C#N)cnn2c1,test,0
305638,7.455931955649724,CCOc1cc(-c2ccc(N3CCC(CN4CCN(C)C(C)C4)(C(O)=NCC(C)C)CC3)nc2)c2c(C#N)cnn2c1,test,1
305347,7.455931955649724,CCOc1cc(-c2ccc(N3CC(N)C(Oc4ccc(OC)cn4)C3)nc2)c2c(C#N)cnn2c1,test,1
296376,7.045757490560675,COc1ccc(CN2C3CC2CN(c2ccc(-c4cc(OCCO)cn5ncc(C#N)c45)cn2)C3)cn1,test,1
296520,6.982966660701218,CCOc1cc(-c2ccc(N3CCN(C(=O)C(N)c4cccc(Cl)c4)CC3)nc2)c2c(C#N)cnn2c1,test,1
305666,7.388276691992657,CC1(N=C(O)c2cc(F)ccc2Cl)CCN(c2ncc(-c3cc(OCCN4CCOCC4)cn4ncc(C#N)c34)cn2)CC1,test,1
305369,7.173925197299174,CCOc1cc(-c2ccc(N3CCC(CN(C)C)(N=C(O)CC4CC4)CC3)nc2)c2c(C#N)cnn2c1,test,1
305244,6.271646217978772,CC(C)OCCOC1CCN(c2ccc(-c3cc(OCC(C)(C)O)cn4ncc(C#N)c34)cn2)CC1,test,1
305513,5.0,CCOc1cc(-c2ccc(N3CCC(N=C(O)OC(C)C)C(OC)C3)nc2)c2c(C#N)cnn2c1,training,0
305122,5.95506845385084,Cc1cc(=O)cc(C(=O)NC2(C)CCN(c3ccc(-c4cc(OCC(C)(C)O)cn5ncc(C#N)c45)cn3)CC2)[nH]1,training,0
305124,7.327902142064282,Cc1cc(C(=O)NC2(C)CCN(c3ccc(-c4cc(OCC(C)(C)O)cn5ncc(C#N)c45)cn3)CC2)c(Cl)cn1,test,1
305777,6.9136401693252525,COc1cc(-c2cnc(N3CCC(C)(N=C(O)c4cc(F)ccc4C(F)(F)F)CC3)cn2)c2c(C#N)cnn2c1,test,1
305315,6.863279432843593,CCOc1cc(-c2ccc(N3CCC(Oc4ccc(C)nn4)CC3)nc2)c2c(C#N)cnn2c1,test,1
305302,7.801342913045577,CCOc1cc(-c2ccc(N3CCC(C)(N=C(O)c4ncccc4Cl)CC3)nc2)c2c(C#N)cnn2c1,test,1
296716,7.280668713016274,COc1ccc(CN2C3CC2CN(c2ccc(-c4cc(OCC5(F)CNC5)cn5ncc(C#N)c45)cn2)C3)cn1,test,1
305362,7.661543506395395,CCOc1cc(-c2ccc(N3CCC(CN4CCOCC4)(N=C(O)c4cc(F)ccc4C)CC3)nc2)c2c(C#N)cnn2c1,test,1
305607,6.1438755557577,CCOc1cc(-c2ccc(N3CCC(Cc4ccccn4)(N(C)C)CC3)nc2)c2c(C#N)cnn2c1,test,1
305778,7.67778070526608,COc1cc(-c2cnc(N3CCC(C)(N=C(O)c4nc(C)ccc4Cl)CC3)cn2)c2c(C#N)cnn2c1,test,1
305596,7.302770657240282,CCOc1cc(-c2ccc(N3CCC(CN(C)CC(C)(C)O)(N=C(O)c4cc(F)ccc4C)CC3)nc2)c2c(C#N)cnn2c1,test,1
305572,6.169411331314857,CCOc1cc(-c2ccc(N3CCC(CN4CCOCC4)(N=C(O)CC(C)(C)OC)CC3)nc2)c2c(C#N)cnn2c1,test,1
305722,6.494850021680094,CC(C)(O)COc1cc(-c2ccc(N3CCC(O)(Cc4cccnc4)CC3)nc2)c2c(C#N)cnn2c1,test,1
305427,7.218963061378869,CC(=O)N1CCN(CCOc2cc(-c3ccc(N4CCC(C)(N=C(O)c5ccccc5)CC4)nc3)c3c(C#N)cnn3c2)CC1,test,1
305188,6.305394801066433,CC(C)(O)COc1cc(-c2ccc(N3CCC(Oc4cnccn4)C3)nc2)c2c(C#N)cnn2c1,test,1
305419,7.016824927962188,CN(C)CCOc1cc(-c2ccc(N3CCC(C)(N=C(O)c4ncc(F)cc4Cl)CC3)nc2)c2c(C#N)cnn2c1,test,1
296825,5.834755673874688,CCOc1cc(-c2cnc(N3CC4CC(C3)N4Cc3cncc(F)c3)cn2)c2c(C#N)cnn2c1,training,0
305748,6.454692883534176,COc1cc(-c2cnc(N3CCC(O)(Cc4ncccc4F)CC3)cn2)c2c(C#N)cnn2c1,test,1
305517,5.571217488503046,CCOc1cc(-c2ccc(N3CCC(C)(N=C(O)C4(N=C(O)OC(C)(C)C)CCCC4)CC3)nc2)c2c(C#N)cnn2c1,training,0
305030,7.351639989019067,CC(C)(O)COc1cc(-c2ccc(N3CC(Oc4ccccn4)C3)nc2)c2c(C#N)cnn2c1,test,1
477541,6.03763066432998,CCOc1cc(-c2ccc(N3CCC(N=C(O)CC4CNCCO4)C(Cc4ccccn4)C3)nc2)c2c(C#N)cnn2c1,test,1
305148,5.368454772165691,Cc1cccnc1OC1CN(c2ccc(-c3cc(OCC(C)(C)O)cn4ncc(C#N)c34)cn2)C1,training,0
305277,6.0433514207947985,CC(C)(O)COc1cc(-c2ccc(N3CCC(N=C(O)c4cccnc4)CC3)nc2)c2c(C#N)cnn2c1,test,1
303321,6.3124710387853655,COc1ccc(CN2CCN(c3ccc(-c4cc(OCc5cccnc5)cn5ncc(C#N)c45)cc3)CC2)cn1,training,1
305344,6.079354998593212,CCOc1cc(-c2ccc(N3CC(N)C(Oc4ccc(Cl)nn4)C3)nc2)c2c(C#N)cnn2c1,test,1
305527,6.555955204081924,CCOc1cc(-c2ccc(N3CCC(C)(N=C(O)C4(N)CCCC4)CC3)nc2)c2c(C#N)cnn2c1,test,1
305388,7.549750891680639,N#Cc1cnn2cc(OCCN3CCCC3=O)cc(-c3ccc(N4CCC(Oc5ccccn5)CC4)nc3)c12,test,1
305649,6.307153080722769,CC(C)OC(O)=NC1(C)CCN(c2ccc(-c3cc(OCc4cn(C)cn4)cn4ncc(C#N)c34)cn2)CC1,test,1
305300,7.323306390375134,CN1CC(F)(COc2cc(-c3ccc(N4CCC(C)(N=C(O)c5ncccc5Cl)CC4)nc3)c3c(C#N)cnn3c2)C1,test,1
305396,5.465339424171556,N#Cc1cnn2cc(OCCN3CCOCC3)cc(-c3ccc(N4CC(Oc5ccccn5)C4)nc3)c12,training,0
305392,7.896196279044043,CC(O)COc1cc(-c2ccc(N3CCC(Oc4ccccn4)CC3)nc2)c2c(C#N)cnn2c1,test,1
305485,5.985479461242077,CCOc1cc(-c2ccc(N3CC(O)C(N=C(O)OC(C)(C)C)C3)nc2)c2c(C#N)cnn2c1,training,0
305059,7.29929628285498,CCc1ccccc1C(O)=NC1(C)CCN(c2ccc(-c3cc(OCC(C)(C)O)cn4ncc(C#N)c34)cn2)CC1,test,1
296736,6.7569619513137065,COc1ccc(CN2C3CC2CN(c2ccc(-c4cc(OCc5cccnc5)cn5ncc(C#N)c45)cn2)C3)cn1,test,1
305669,7.342944147142896,Cc1cccc(Cl)c1C(O)=NC1(C)CCN(c2cnc(-c3cc(OCc4cn(C)cn4)cn4ncc(C#N)c34)cn2)CC1,test,1
305133,5.96818772866963,Cn1cc(C(O)=NC2(C)CCN(c3ccc(-c4cc(OCC(C)(C)O)cn5ncc(C#N)c45)cn3)CC2)cn1,training,0
305518,5.978810700930063,CCOc1cc(-c2ccc(N3CCC(C)(N=C(O)C(CC)N=C(O)OC(C)(C)C)CC3)nc2)c2c(C#N)cnn2c1,training,0
305592,6.709965388637482,CCOc1cc(-c2ccc(N3CCC(CN4CCNCC4)(N=C(O)OC(C)C)CC3)nc2)c2c(C#N)cnn2c1,test,1
305246,6.4723700991286615,CC(C)(O)COc1cc(-c2ccc(N3CCC(OCc4ccccn4)CC3)nc2)c2c(C#N)cnn2c1,test,1
296364,6.3124710387853655,COc1ccc(CN2CCN(c3ccc(-c4cc(OCc5cccnc5)cn5ncc(C#N)c45)cn3)CC2)cn1,test,1
305012,5.99097425791309,CC(C)(O)COc1cc(-c2ccc(N3CCC(C)(O)CC3)nc2)c2c(C#N)cnn2c1,training,0
305549,6.9065783148377635,CCOc1cc(-c2ccc(N3CCC(O)(CNS(=O)(=O)c4ccc(C)cc4)CC3)nc2)c2c(C#N)cnn2c1,test,1
305522,5.566070234391537,CCOc1cc(-c2ccc(N3CCC(C)(N=C(O)C4CCN4C(=O)OC(C)(C)C)CC3)nc2)c2c(C#N)cnn2c1,training,0
305567,6.954677021213343,CCCC(O)=NC1(CN2CCOCC2)CCN(c2ccc(-c3cc(OCC)cn4ncc(C#N)c34)cn2)CC1,test,1
305018,6.39577394691553,COc1ccc(N=C(O)C2C3CC2CN(c2ccc(-c4cc(OCC(C)(C)O)cn5ncc(C#N)c45)cn2)C3)cn1,test,1
305534,6.1765257708296994,CCOc1cc(-c2ccc(N3CCC(C)(N=C(O)C4(N(C)C)CCCC4)CC3)nc2)c2c(C#N)cnn2c1,test,1
305097,6.6252516539898965,CC(C)(O)COc1cc(-c2ccc(N3CCC(C)(N=C(O)c4cccnc4)CC3)nc2)c2c(C#N)cnn2c1,test,1
305682,7.053056729302175,Cc1cccc(Cl)c1C(O)=NC1(C)CCN(c2cnc(-c3cc(OCC4(F)CN(C(=O)OC(C)(C)C)C4)cn4ncc(C#N)c34)cn2)CC1,test,1
305553,7.539102157243452,CCOc1cc(-c2ccc(N3CCC(CN(C)C)(N=C(O)c4ncccc4F)CC3)nc2)c2c(C#N)cnn2c1,test,1
305169,7.027334407733889,CC(C)(O)COc1cc(-c2ccc(N3CC(Oc4c(F)cccc4F)C3)nc2)c2c(C#N)cnn2c1,test,1
305232,7.2580609222708015,CC(C)(O)COc1cc(-c2ccc(N3CCC(Oc4cnccn4)CC3)nc2)c2c(C#N)cnn2c1,test,1
305435,7.147520006363144,CCOc1cc(-c2ccc(N3CCC(C)(N=C(O)OC(C)C)CC3)nc2)c2c(C#N)cnn2c1,test,1
305623,7.0655015487564325,CCOc1cc(-c2ccc(N3CCC(CN4CC(N(C)C)C4)(C(O)=NCC(C)C)CC3)nc2)c2c(C#N)cnn2c1,test,1
305199,6.5654310959658,COc1nc(OC2CCN(c3ccc(-c4cc(OCC(C)(C)O)cn5ncc(C#N)c45)cn3)C2)ccc1F,test,1
305447,6.673664139071248,CC(=O)N1CCN(CCOc2cc(-c3ccc(N4CCC(C)(N=C(O)c5ccccn5)CC4)nc3)c3c(C#N)cnn3c2)CC1,test,1
296796,5.6332036167132715,CCOc1cc(-c2ccc(N3CCC4(CCCN(C(C)C)C4)C3)nc2)c2c(C#N)cnn2c1,test,0
296776,6.075204004202088,CCOc1cc(-c2ccc(N3CCC4(CC3)CN4S(=O)(=O)c3ccc(OC)nc3)nc2)c2c(C#N)cnn2c1,test,1
305584,7.309803919971486,CCOc1cc(-c2ccc(N3CCC(CN4CCN(CC)CC4)(C(O)=NCC(C)C)CC3)nc2)c2c(C#N)cnn2c1,test,1
305365,7.201349354554732,CCOc1cc(-c2ccc(N3CCC(CN(C)CC(F)(F)CO)(N=C(O)c4cc(F)ccc4C)CC3)nc2)c2c(C#N)cnn2c1,test,1
305226,7.016824927962188,CC(C)(O)COc1cc(-c2ccc(N3CCC(N=C(O)c4ccccc4)C3)nc2)c2c(C#N)cnn2c1,test,1
305195,6.114638779968487,COc1ncc(OC2CCN(c3ccc(-c4cc(OCC(C)(C)O)cn5ncc(C#N)c45)cn3)C2)cn1,test,1
305684,7.3160528692484865,CCN1CC(F)(COc2cc(-c3cnc(N4CCC(C)(N=C(O)c5c(C)cccc5Cl)CC4)cn3)c3c(C#N)cnn3c2)C1,test,1
305125,6.459670525209128,Cc1cc(C)nc(C(=O)NC2(C)CCN(c3ccc(-c4cc(OCC(C)(C)O)cn5ncc(C#N)c45)cn3)CC2)n1,test,1
305373,7.429457060118103,CCOc1cc(-c2ccc(N3CCC(CN4CCN(CC)CC4)(N=C(O)c4ncccc4C(F)(F)F)CC3)nc2)c2c(C#N)cnn2c1,test,1
296381,7.265200170411153,CC(C)OC(=O)N1CC2(CCN(c3ccc(-c4cc(OCCO)cn5ncc(C#N)c45)cn3)CC2)C1,test,1
305360,6.368556230986828,CCOc1cc(-c2ccc(N3CC4CC(C3)C4N)nc2)c2c(C#N)cnn2c1,test,1
305075,7.278189384787455,Cc1ccc(C#N)cc1C(O)=NC1(C)CCN(c2ccc(-c3cc(OCC(C)(C)O)cn4ncc(C#N)c34)cn2)CC1,test,1
305383,7.436518914605589,CN(C)CCOc1cc(-c2ccc(N3CCC(Oc4ccccn4)CC3)nc2)c2c(C#N)cnn2c1,test,1
305440,6.4034029043735385,Cn1ccnc1COc1cc(-c2ccc(N3CCC(C)(N=C(O)c4ccccn4)CC3)nc2)c2c(C#N)cnn2c1,test,1
305042,6.1598939055432425,Cc1cc(C(=O)NC2(C)CCN(c3ccc(-c4cc(OCC(C)(C)O)cn5ncc(C#N)c45)cn3)CC2)cc(C)n1,test,1
305765,7.366531544420414,Cc1cccc(Cl)c1C(O)=NC1(C)CCN(c2cnc(-c3cc(O)cn4ncc(C#N)c34)cn2)CC1,test,1
305006,6.860120913598763,CC(C)C(O)=NC1(C)CCN(c2ccc(-c3cc(OCCO)cn4ncc(C#N)c34)cn2)CC1,test,1
305750,6.928117992693874,CC(C)(O)COc1cc(-c2cnc(N3CCC(O)(Cc4ncccc4F)CC3)cn2)c2c(C#N)cnn2c1,test,1
305190,7.040481623027003,CC(C)(O)COc1cc(-c2ccc(N3CCC(Oc4ccc(F)cn4)C3)nc2)c2c(C#N)cnn2c1,test,1
305123,7.642065152999545,CC(C)(O)COc1cc(-c2ccc(N3CCC(C)(N=C(O)c4cc(F)cc(F)c4Cl)CC3)nc2)c2c(C#N)cnn2c1,test,1
296822,5.434270212168873,COc1cc(-c2ccc(N3CC4CC(C3)N4Cc3ccc(OC)nc3)nc2)c2c(C(C)C#N)cnn2c1,training,0
305725,7.200659450546419,CC(C)(O)COc1cc(-c2ccc(N3CCC(O)(Cc4ncccc4F)CC3)nc2)c2c(C#N)cnn2c1,test,1
305032,7.761953896871206,CC(C)(O)COc1cc(-c2ccc(N3CCC(C)(C(O)=Nc4ccccc4)CC3)nc2)c2c(C#N)cnn2c1,test,1
305643,6.847711655616944,CCOc1cc(-c2ccc(N3CCC4(CC3)CC(N=C(O)OC(C)(C)C)C4)nc2)c2c(C#N)cnn2c1,test,1
296530,6.027797161620937,CCOc1cc(-c2ccc(N3CCN(C(=O)C(CC(C)C)N(C)C)CC3)nc2)c2c(C#N)cnn2c1,test,1
305701,6.950781977329818,CCOc1cc(-c2ccc(N3CCC(NS(=O)(=O)CC(C)C)C(O)C3)nc2)c2c(C#N)cnn2c1,test,1
296709,7.164309428507575,COc1ccc(CN2C3CC2CN(c2ccc(-c4cc(OCCC5CCN(C)CC5)cn5ncc(C#N)c45)cn2)C3)cn1,test,1
305759,7.886056647693162,CCOc1cc(-c2cnc(N3CCC(C)(N=C(O)c4nc(C)ccc4Cl)CC3)cn2)c2c(C#N)cnn2c1,test,1
305460,6.761953896871206,CCOc1cc(-c2ccc(N3CCC(C)(C(O)=NCC(F)(F)F)CC3)nc2)c2c(C#N)cnn2c1,test,1
305007,7.0762380391713,CC(C)COC(O)=NC1(C)CCN(c2ccc(-c3cc(OCCO)cn4ncc(C#N)c34)cn2)CC1,test,1
296402,6.412289034981089,COc1ccc(CN2C3CC2CN(c2ccc(-c4cc(OCC(C)O)cn5ncc(C#N)c45)cn2)C3)cn1,test,1
305278,6.612610173661269,CC(C)(O)COc1cc(-c2ccc(N3CCC(NC(=O)c4ccc(F)cc4)CC3)nc2)c2c(C#N)cnn2c1,test,1
305640,6.798602875679549,CCOC(=O)C1(CO)CCN(c2ccc(-c3cc(OCC)cn4ncc(C#N)c34)cn2)CC1,test,1
305089,7.602059991327962,CC(C)(O)COc1cc(-c2ccc(N3CCC(C)(N=C(O)c4cc(F)ccc4Cl)CC3)nc2)c2c(C#N)cnn2c1,test,1
305742,6.294136287716081,CC(O)COc1cc(-c2ccc(N3CCC(O)(Cc4ccccn4)CC3)nc2)c2c(C#N)cnn2c1,test,1
296748,6.798602875679549,COc1ccc(CN2C3CC2CN(c2ccc(-c4cc(OCC(O)CN(C)C)cn5ncc(C#N)c45)cn2)C3)cn1,test,1
305477,6.559090917934783,COc1cc(-c2ccc(N3CCC(N=C(O)C4(C)CCC4)C(O)C3)nc2)c2c(C#N)cnn2c1,test,1
305045,7.010995384301463,CC(C)(O)COc1cc(-c2ccc(N3CCC(C)(N=C(O)c4ccccn4)CC3)nc2)c2c(C#N)cnn2c1,test,1
305444,6.446116973356126,CN(C)CCOc1cc(-c2ccc(N3CCC(C)(N=C(O)c4ccccn4)CC3)nc2)c2c(C#N)cnn2c1,test,1
305401,6.325138859262188,COc1cc(-c2ccc(N3CCC(C)(N=C(O)c4ncccc4Cl)CC3)nc2)c2ccnn2c1,test,1
305425,7.250263684430939,CN1CCN(CCOc2cc(-c3ccc(N4CCC(C)(N=C(O)c5ccccc5)CC4)nc3)c3c(C#N)cnn3c2)CC1,test,1
305043,6.39577394691553,CC(C)(O)COc1cc(-c2ccc(N3CCC(C)(NC(=O)c4ccncn4)CC3)nc2)c2c(C#N)cnn2c1,test,1
305711,7.67778070526608,CCOc1cc(-c2ccc(N3CCC(N=C(O)c4ncccc4Cl)C(N)C3)nc2)c2c(C#N)cnn2c1,test,1
305407,7.489454989793388,COc1cc(-c2ccc(N3CCC(C)(N=C(O)c4ncccc4Cl)CC3)nc2)c2c(C3CC3)cnn2c1,test,1
305530,6.1180450286604,CCOc1cc(-c2ccc(N3CCC(C)(N=C(O)C(N)CC)CC3)nc2)c2c(C#N)cnn2c1,test,1
305019,7.761953896871206,CC(C)(O)COc1cc(-c2ccc(N3CCC(Oc4ccccn4)CC3)nc2)c2c(C#N)cnn2c1,test,1
296701,6.454692883534176,COc1ccc(C(=O)N2C3CC2CN(c2ccc(-c4cc(OCCN5CCOCC5)cn5ncc(C#N)c45)cn2)C3)cn1,test,1
296711,6.920818753952375,COc1ccc(CN2C3CC2CN(c2ccc(-c4cc(OCCN5CCCC5)cn5ncc(C#N)c45)cn2)C3)cn1,test,1
305767,6.847711655616944,CC(C)(O)COc1cc(-c2cnc(N3CCC(C)(N=C(O)c4ncccc4Cl)CC3)cn2)c2c(C#N)cnn2c1,test,1
305679,7.031517051446066,Cc1cccc(Cl)c1C(O)=NC1(C)CCN(c2cnc(-c3cc(OCCN4CCN(C(=O)OC(C)(C)C)CC4)cn4ncc(C#N)c34)cn2)CC1,test,1
305132,5.937794191180288,Cc1c(C(O)=NC2(C)CCN(c3ccc(-c4cc(OCC(C)(C)O)cn5ncc(C#N)c45)cn3)CC2)cnn1C,training,0
305356,7.259637310505756,CCOc1cc(-c2ccc(N3CCC(Cc4ccccc4)(N=C(C)O)CC3)nc2)c2c(C#N)cnn2c1,test,1
305266,5.6375175252488265,Cc1c[nH]c(=NC2C3CC2CN(c2ccc(-c4cc(OCC(C)(C)O)cn5ncc(C#N)c45)cn2)C3)cn1,training,0
305217,7.356547323513813,CC(C)(O)COc1cc(-c2ccc(N3CCC(C)(N=C(O)c4cccc(F)c4F)C3)nc2)c2c(C#N)cnn2c1,test,1
305253,7.153662887870195,CCc1ccc(OC2CCN(c3ccc(-c4cc(OCC(C)(C)O)cn5ncc(C#N)c45)cn3)CC2)nc1,test,1
305127,6.508638306165728,Cc1ccc(O)nc1C(O)=NC1(C)CCN(c2ccc(-c3cc(OCC(C)(C)O)cn4ncc(C#N)c34)cn2)CC1,test,1
296717,6.549750891680639,COc1ccc(CN2C3CC2CN(c2ccc(-c4cc(OCC5(F)CN(C)C5)cn5ncc(C#N)c45)cn2)C3)cn1,test,1
305430,6.787812395596043,CCOc1cc(-c2ccc(N3CCC(C)(N=C(O)c4ccccn4)CC3)nc2)c2c(C#N)cnn2c1,test,1
305574,5.6942188487450185,CCOc1cc(-c2ccc(N3CCC(CN4CCOCC4)(N=C(O)CC(C)O)CC3)nc2)c2c(C#N)cnn2c1,training,0
305720,6.517126416391246,Cc1cnc(C)c(C(O)=NC2(C)CCN(c3ccc(-c4cc(OCC(C)(C)O)cn5ncc(C#N)c45)cn3)CC2)n1,test,1
296702,6.555955204081924,COc1ncc(CN2C3CC2CN(c2ccc(-c4cc(OCCN5CCOCC5)cn5ncc(C#N)c45)cn2)C3)cc1C,training,1
305681,7.576754126063192,CCN1CCN(CCOc2cc(-c3cnc(N4CCC(C)(N=C(O)c5c(C)cccc5Cl)CC4)cn3)c3c(C#N)cnn3c2)CC1,test,1
305642,6.97061622231479,CCOc1cc(-c2ccc(N3CCC(COCCN(C)C)(C(O)=NCC(C)C)CC3)nc2)c2c(C#N)cnn2c1,test,1
305801,6.826813731587727,CCOc1cc(-c2ccc(N3CCC(Cc4ccccn4)(N=C(O)C(O)CO)CC3)nc2)c2c(C#N)cnn2c1,test,1
315629,6.8386319977650265,Cc1cnc(NC2C3CC2CN(c2ccc(-c4cc(OCC(C)(C)O)cn5ncc(C#N)c45)cn2)C3)nc1,test,1
305101,6.795880017344076,CC(C)(O)COc1cc(-c2ccc(N3CCC(C)(N=C(O)C4CC4)CC3)nc2)c2c(C#N)cnn2c1,test,1
305796,7.619788758288393,CCOc1cc(-c2ccc(N3CCC(Cc4ccccc4)(N=C(O)CN(C)C)CC3)nc2)c2c(C#N)cnn2c1,test,1
305306,7.562249437179612,CC(O)=NCCOc1cc(-c2ccc(N3CCC(C)(N=C(O)c4ncccc4Cl)CC3)nc2)c2c(C#N)cnn2c1,test,1
305565,7.482804102050027,CCOc1cc(-c2ccc(N3CCC(CN4CCOCC4)(N=C(O)CC(C)C)CC3)nc2)c2c(C#N)cnn2c1,test,1
305795,7.638272163982407,CCOc1cc(-c2ccc(N3CCC(Cc4ccccc4)(N=C(O)C(O)CO)CC3)nc2)c2c(C#N)cnn2c1,test,1
305655,7.183758700008219,CC(C)CN=C(O)C1(C)CCN(c2ccc(-c3cc(OCCN4CCOCC4)cn4ncc(C#N)c34)cn2)CC1,test,1
305569,6.798602875679549,CCOc1cc(-c2ccc(N3CCC(CN4CCOCC4)(N=C(O)CC(C)C(F)(F)F)CC3)nc2)c2c(C#N)cnn2c1,test,1
305561,7.359518563029578,CCOc1cc(-c2ccc(N3CCC(CN(C)C)(C(O)=NCC(C)C)CC3)nc2)c2c(C#N)cnn2c1,test,1
305409,6.340083799930151,CC(C)(O)COc1cc(-c2ccc(N3CCC(Oc4ccc(C#N)cc4)CC3)nc2)c2c(Cl)cnn2c1,test,1
296781,5.9519468268843925,CCOc1cc(-c2ccc(N3CCC4(CC3)CN4C(=O)c3ccccc3)nc2)c2c(C#N)cnn2c1,training,0
305715,5.096801452957021,CC(C)CC(O)=NC1(C)CCN(c2cnc(-c3cc(OCCN4CCOCC4)cn4ncc(C#N)c34)nc2)CC1,training,0
305411,6.982966660701218,CC(C)(O)COc1cc(-c2ccc(N3CCC(Oc4ccccn4)C3)nc2)c2c(Cl)cnn2c1,test,1
305673,7.5016894462104,CCN1CCOC(COc2cc(-c3cnc(N4CCC(C)(N=C(O)c5c(C)cccc5Cl)CC4)cn3)c3c(C#N)cnn3c2)C1,test,1
430529,7.231361898752387,CCOc1cc(-c2ccc(N3CC4CC(C3)N4C(=O)C(c3cccc(Cl)c3)N(C)C)nc2)c2c(C#N)cnn2c1,test,1
305017,6.667561540084394,CC(C)(O)COc1cc(-c2ccc(N3CC4CC(C3)C4C(O)=Nc3ccccc3)nc2)c2c(C#N)cnn2c1,test,1
305046,7.496209316942818,Cc1ccc(F)cc1C(O)=NC1(C)CCN(c2ccc(-c3cc(OCC(C)(C)O)cn4ncc(C#N)c34)cn2)CC1,test,1
305472,6.982966660701218,COc1cc(-c2ccc(N3CCC(S(=O)(=O)NC(C)C)CC3)nc2)c2c(C#N)cnn2c1,test,1
305414,6.991399828238082,COc1ccc(OC2CCN(c3ccc(-c4cc(OCC(C)(C)O)cn5ncc(Cl)c45)cn3)CC2)cn1,test,1
296715,6.946921556516581,COc1ccc(CN2C3CC2CN(c2ccc(-c4cc(OCC5CN(C(C)=O)C5)cn5ncc(C#N)c45)cn2)C3)cn1,test,1
305151,7.405607449624574,COc1ccc(OC2CN(c3ccc(-c4cc(OCC(C)(C)O)cn5ncc(C#N)c45)cn3)C2)nc1,test,1
305451,7.080398976215888,CCOc1cc(-c2ccc(N3CCC(C)(C(O)=NCC(C)C)CC3)nc2)c2c(C#N)cnn2c1,test,1
305630,6.239577516576787,CCOc1cc(-c2ccc(N3CCC(CN4CCN(C(=O)OC(C)(C)C)C(C)C4)(C(O)=NCC(C)C)CC3)nc2)c2c(C#N)cnn2c1,test,1
305033,6.772113295386326,CC(C)CS(=O)(=O)C1CCN(c2ccc(-c3cc(OCC(C)(C)O)cn4ncc(C#N)c34)cn2)CC1,test,1
305307,7.515700160653214,CC1(N=C(O)c2ncccc2Cl)CCN(c2ccc(-c3cc(OCCNCC(F)F)cn4ncc(C#N)c34)cn2)CC1,test,1
296810,5.9446216686249995,CCOc1cc(-c2cnc(N3CC4CC(C3)N4Cc3cnc(OC)c(Cl)c3)cn2)c2c(C#N)cnn2c1,training,0
304997,6.896196279044043,CCOc1cc(-c2ccc(N3CC4CC(C3)C4Oc3ncccn3)nc2)c2c(C#N)cnn2c1,test,1
305431,6.79048498545737,CCOc1cc(-c2ccc(N3CCC(C)(N=C(O)c4cccnc4)CC3)nc2)c2c(C#N)cnn2c1,test,1
305153,7.452225294612178,CC(C)(O)COc1cc(-c2ccc(N3CC(Oc4ccc(F)cc4)C3)nc2)c2c(C#N)cnn2c1,test,1
305036,7.3036436112666685,CC(C)(O)COc1cc(-c2ccc(N3CCC(C)(N=C(O)c4ccccc4C(F)(F)F)CC3)nc2)c2c(C#N)cnn2c1,test,1
305263,6.8297382846050425,CCC1(C(O)=NCC(C)C)CCN(c2ccc(-c3cc(OCC(C)(C)O)cn4ncc(C#N)c34)cn2)CC1,test,1
305057,7.308918507877031,Cc1ccc(Cl)cc1C(O)=NC1(C)CCN(c2ccc(-c3cc(OCC(C)(C)O)cn4ncc(C#N)c34)cn2)CC1,test,1
305245,6.809668301829707,CC(C)(O)COc1cc(-c2ccc(N3CCC(OCc4ccccc4)CC3)nc2)c2c(C#N)cnn2c1,test,1
296690,5.489589051989824,CC(C)(O)COc1cc(-c2ccc(N3CC4CC(C3)N4S(=O)(=O)CC3CC3)nc2)c2c(C#N)cnn2c1,training,0
305704,8.0,CCOc1cc(-c2ccc(N3CCC(N=C(O)c4cc(F)ccc4Cl)C(O)C3)nc2)c2c(C#N)cnn2c1,test,1
305303,7.067526235322847,CC1(N=C(O)c2ncccc2Cl)CCN(c2ccc(-c3cc(OCCN4CCCC4)cn4ncc(C#N)c34)cn2)CC1,test,1
305183,6.966576244513051,CC(C)(O)COc1cc(-c2ccc(N3CCC(C(O)=Nc4ccccc4)C3)nc2)c2c(C#N)cnn2c1,test,1
305224,7.292429823902062,CC(C)(O)COc1cc(-c2ccc(N3CCC(C)(N=C(O)c4ccccc4F)C3)nc2)c2c(C#N)cnn2c1,test,1
305201,7.3439017979871695,CC(C)(O)COc1cc(-c2ccc(N3CCC(C(O)=Nc4ccccc4)CC3)nc2)c2c(C#N)cnn2c1,test,1
305426,7.3214816209598865,CCN1CCN(CCOc2cc(-c3ccc(N4CCC(C)(N=C(O)c5ccccc5)CC4)nc3)c3c(C#N)cnn3c2)CC1,test,1
305668,7.3904055907747805,Cc1cccc(Cl)c1C(O)=NC1(C)CCN(c2cnc(-c3cc(OCCN(C)C)cn4ncc(C#N)c34)cn2)CC1,test,1
305265,6.85078088734462,CC(C)(O)COc1cc(-c2ccc(N3CC4CC(C3)C4Nc3ncccn3)nc2)c2c(C#N)cnn2c1,test,1
305566,6.5100415205751645,CCOc1cc(-c2ccc(N3CCC(CN4CCOCC4)(N=C(O)CC)CC3)nc2)c2c(C#N)cnn2c1,test,1
305225,6.8827287043442364,CC(C)(O)COc1cc(-c2ccc(N3CCC(C)(N=C(O)c4cccc(F)c4)C3)nc2)c2c(C#N)cnn2c1,test,1
296722,6.282329496997738,COc1ccc(CN2C3CC2CN(c2ccc(-c4cc(OCC5(C)COC5)cn5ncc(C#N)c45)cn2)C3)cn1,test,1
305268,6.159266765388192,CC(C)(O)COc1cc(-c2ccc(N3CC4CC(C3)C4Nc3ncccc3Cl)nc2)c2c(C#N)cnn2c1,test,1
416357,7.228412519118745,CC(C)C(C)OC(O)=NC1(C)CCN(c2ccc(-c3cc(OCCN4CCOCC4)cn4ncc(C#N)c34)cn2)CC1,test,1
305757,7.795880017344076,CCOc1cc(-c2cnc(N3CCC(C)(N=C(O)c4ncc(F)cc4Cl)CC3)cn2)c2c(C#N)cnn2c1,test,1
296528,6.059483515067433,CCOc1cc(-c2ccc(N3CCN(C(=O)C(c4ccc(F)cc4)N(C)C)CC3)nc2)c2c(C#N)cnn2c1,test,1
305526,7.096910013008057,CCOc1cc(-c2ccc(N3CCC(C)(N=C(O)C4(C)CCC4)CC3)nc2)c2c(C#N)cnn2c1,test,1
305161,7.337242168318426,COc1ccc(OC2CN(c3ccc(-c4cc(OCC(C)(C)O)cn5ncc(C#N)c45)cn3)C2)cn1,test,1
296770,5.5747919488613435,CCOc1cc(-c2ccc(N3CC4CC3CN4C(=O)OC(C)(C)C)nc2)c2c(C#N)cnn2c1,test,0
305508,6.876148359032914,CCOc1cc(-c2ccc(N3CCC(N=C(O)C4(C(F)(F)F)CC4)C(O)C3)nc2)c2c(C#N)cnn2c1,test,1
305488,5.777283528852418,CCOc1cc(-c2ccc(N3CC(N)C(N=C(O)CC(C)C)C3)nc2)c2c(C#N)cnn2c1,training,0
305538,6.723538195826756,CCOc1cc(-c2ccc(N3CCC(C)(N=C(O)OCC4CC4)CC3)nc2)c2c(C#N)cnn2c1,test,1
305126,6.391473966422807,CN(C)Cc1cccc(C(O)=NC2(C)CCN(c3ccc(-c4cc(OCC(C)(C)O)cn5ncc(C#N)c45)cn3)CC2)c1,test,1
305769,7.221848749616356,CC(C)(O)COc1cc(-c2cnc(N3CCC(C)(N=C(O)c4c(F)ccc(F)c4F)CC3)cn2)c2c(C#N)cnn2c1,test,1
305597,7.619788758288393,CCOc1cc(-c2ccc(N3CCC(CN4CC(C)(O)C4)(N=C(O)c4cc(F)ccc4C)CC3)nc2)c2c(C#N)cnn2c1,test,1
304992,6.54515513999149,CCOc1cc(-c2ccc(N3CCC(O)C(N)C3)nc2)c2c(C#N)cnn2c1,test,1
305404,7.208309350979882,COc1cc(-c2ccc(N3CCC(C)(N=C(O)c4ncccc4Cl)CC3)nc2)c2c(Cl)cnn2c1,test,1
305293,7.742321425130815,Cc1ccc(F)cc1C(O)=NC1(C)CCN(c2ccc(-c3cc(OCCN4CCNCC4)cn4ncc(C#N)c34)cn2)CC1,test,1
305150,5.0,Cn1nccc1OC1CN(c2ccc(-c3cc(OCC(C)(C)O)cn4ncc(C#N)c34)cn2)C1,training,0
296720,6.0433514207947985,COCCN1CC(C)(COc2cc(-c3ccc(N4CC5CC(C4)N5Cc4ccc(OC)nc4)nc3)c3c(C#N)cnn3c2)C1,training,1
305296,7.452225294612178,COc1cc(-c2ccc(N3CCC(C)(N=C(O)c4ncccc4Cl)CC3)nc2)c2c(C#N)cnn2c1,test,1
305139,7.012333735073726,CC(C)(O)COc1cc(-c2ccc(N3CC(Oc4cccnc4)C3)nc2)c2c(C#N)cnn2c1,test,1
305069,6.82102305270683,CC(C)(O)COc1cc(-c2ccc(N3CCC(C)(NC(=O)c4ncccn4)CC3)nc2)c2c(C#N)cnn2c1,test,1
305110,5.81901441921327,CC(C)(O)COc1cc(-c2ccc(N3CCC(C)(N=C(O)CC(C)(C)c4ccccc4)CC3)nc2)c2c(C#N)cnn2c1,test,0
305295,7.812479279163536,Cc1ccc(F)cc1C(O)=NC1(C)CCN(c2ccc(-c3cc(OCC4CNCCO4)cn4ncc(C#N)c34)cn2)CC1,test,1
305481,6.7121982700697735,COc1cc(-c2ccc(N3CCC(Oc4ccccn4)CC3)nc2)c2c(Cl)cnn2c1,test,1
305793,7.619788758288393,CCOc1cc(-c2ccc(N3CCC(Cc4ccccc4)(N=C(O)C4CCCN4C)CC3)nc2)c2c(C#N)cnn2c1,test,1
305601,7.111259039317107,CCOc1cc(-c2ccc(N3CCC(Cc4ccccn4)(N=C(O)CN(C)C)CC3)nc2)c2c(C#N)cnn2c1,test,1
305780,8.045757490560675,CC1(N=C(O)c2ncc(F)cc2Cl)CCN(c2cnc(-c3cc(OCC4CNCCO4)cn4ncc(C#N)c34)cn2)CC1,test,1
305758,7.337242168318426,CCOc1cc(-c2cnc(N3CCC(C)(N=C(O)c4nc(C)ccc4F)CC3)cn2)c2c(C#N)cnn2c1,test,1
305222,6.241088107602026,CC(C)(O)COc1cc(-c2ccc(N3CCC(C)(N=C(O)C4CC4)C3)nc2)c2c(C#N)cnn2c1,test,1
305776,7.5376020021010435,COc1cc(-c2cnc(N3CCC(C)(N=C(O)c4cc(F)ccc4Cl)CC3)cn2)c2c(C#N)cnn2c1,test,1
305175,5.921905849593589,CC(C)(O)COc1cc(-c2ccc(N3CC(Nc4ccc(F)cc4)C3)nc2)c2c(C#N)cnn2c1,training,0
305080,6.505845405981558,CC(C)(O)COc1cc(-c2ccc(N3CCC(C)(NC(=O)c4cc(=O)cc[nH]4)CC3)nc2)c2c(C#N)cnn2c1,test,1
305675,7.198596289982644,Cc1cccc(Cl)c1C(O)=NC1(C)CCN(c2cnc(-c3cc(OCCN4CCCC4)cn4ncc(C#N)c34)cn2)CC1,test,1
305770,7.031517051446066,CC(C)(O)COc1cc(-c2cnc(N3CCC(C)(N=C(O)c4ncc(F)cc4Cl)CC3)cn2)c2c(C#N)cnn2c1,test,1
305755,5.0,CCOc1cc(-c2cnc(N3CCC(C)(N=C(O)c4cc(F)ccc4C(F)(F)F)CC3)cn2)c2c(C#N)cnn2c1,training,0
305077,7.721246399047171,Cc1cc(F)ccc1C(=O)NC1(C)CCN(c2ccc(-c3cc(OCC(C)(C)O)cn4ncc(C#N)c34)cn2)CC1,test,1
305708,6.7544873321858505,CCOc1cc(-c2ccc(N3CCC(N=C(O)C4CC(F)(F)C4)C(O)C3)nc2)c2c(C#N)cnn2c1,test,1
296693,5.758951849328357,CC(C)(O)COc1cc(-c2ccc(N3CC4CC(C3)N4S(=O)(=O)CC(F)(F)F)nc2)c2c(C#N)cnn2c1,test,0
305058,7.241088107602026,CC(C)(O)COc1cc(-c2ccc(N3CCC(C)(N=C(O)c4ccccc4C#N)CC3)nc2)c2c(C#N)cnn2c1,test,1
305191,7.032920265855505,COc1cccc(OC2CCN(c3ccc(-c4cc(OCC(C)(C)O)cn5ncc(C#N)c45)cn3)C2)n1,test,1
305384,7.473660722610156,N#Cc1cnn2cc(OCCN3CCOCC3)cc(-c3ccc(N4CCC(Oc5ccccn5)CC4)nc3)c12,test,1
305798,7.4089353929735005,CCOc1cc(-c2ccc(N3CCC(Cc4ccccc4)(N=C(O)C(N)C(C)C)CC3)nc2)c2c(C#N)cnn2c1,test,1
305443,7.058488567365598,CN1CC(COc2cc(-c3ccc(N4CCC(C)(N=C(O)c5ccccn5)CC4)nc3)c3c(C#N)cnn3c2)C1,test,1
305629,6.554395796726402,CCOc1cc(-c2ccc(N3CCC(CN4CC(F)(F)C4)(C(O)=NCC(C)C)CC3)nc2)c2c(C#N)cnn2c1,test,1
305747,5.42033070644528,CC(C)(O)COc1cc(-c2ccc(N3CCC(O)(C(F)c4ccccc4)CC3)nc2)c2c(C#N)cnn2c1,training,0
305047,6.29073003902417,CC(C)(O)COc1cc(-c2ccc(N3CCC(C)(NC(=O)c4cccnn4)CC3)nc2)c2c(C#N)cnn2c1,test,1
304971,6.1203307943679475,CCC1(C(O)=NC(C)C)CCN(c2ccc(-c3cc(OC)cn4ncc(C#N)c34)cn2)CC1,test,1
296823,5.441171475182989,COc1cc(-c2ccc(N3CC4CC(C3)N4Cc3ccc(OC)nc3)nc2)c2c(CC#N)cnn2c1,test,0
305180,6.698970004336019,CC(C)(O)COc1cc(-c2ccc(N3CC(COc4ccccn4)C3)nc2)c2c(C#N)cnn2c1,test,1
305582,7.100179497572904,CCOC(O)=NC1(CN2CCN(CC)CC2)CCN(c2ccc(-c3cc(OCC)cn4ncc(C#N)c34)cn2)CC1,test,1
305609,6.5951662833800615,CCOc1cc(-c2ccc(N3CCC(Cc4ccccn4)(N=C(O)CC4CNCCO4)CC3)nc2)c2c(C#N)cnn2c1,test,1
305233,6.739928612014924,CC(C)(O)COc1cc(-c2ccc(N3CCC(Oc4ccc(Cl)cn4)CC3)nc2)c2c(C#N)cnn2c1,test,1
305359,6.1249387366083,CCOc1cc(-c2ccc(N3CC4CC(C3)C4N=C(O)OC(C)(C)C)nc2)c2c(C#N)cnn2c1,test,1
305130,7.322393047279506,CC(C)(O)COc1cc(-c2ccc(N3CCC(C)(N=C(O)c4c(F)ccc(F)c4F)CC3)nc2)c2c(C#N)cnn2c1,test,1
305364,7.607303046740334,CCOc1cc(-c2ccc(N3CCC(CNCC(C)(C)O)(N=C(O)c4cc(F)ccc4C)CC3)nc2)c2c(C#N)cnn2c1,test,1
305726,6.661543506395395,CC(C)(O)COc1cc(-c2ccc(N3CCC(O)(Cc4ccccc4F)CC3)nc2)c2c(C#N)cnn2c1,test,1
305442,7.154901959985742,CC1(N=C(O)c2ccccn2)CCN(c2ccc(-c3cc(OCC4CNC4)cn4ncc(C#N)c34)cn2)CC1,test,1
305585,7.167491087293763,CCOc1cc(-c2ccc(N3CCC(CN4CCN(C)C(C)C4)(N=C(O)CC(C)C)CC3)nc2)c2c(C#N)cnn2c1,test,1
305149,7.221125527997262,Cc1ccc(OC2CN(c3ccc(-c4cc(OCC(C)(C)O)cn5ncc(C#N)c45)cn3)C2)nc1,test,1
305590,6.8827287043442364,CCOc1cc(-c2ccc(N3CCC(CN4CCN(C)C(C)C4)(N=C(O)Oc4ccccc4)CC3)nc2)c2c(C#N)cnn2c1,test,1
305241,7.052076380168272,COc1ncc(OC2CCN(c3ccc(-c4cc(OCC(C)(C)O)cn5ncc(C#N)c45)cn3)CC2)cn1,test,1
305120,6.7077439286435245,Cc1ccnc(C(=O)NC2(C)CCN(c3ccc(-c4cc(OCC(C)(C)O)cn5ncc(C#N)c45)cn3)CC2)n1,test,1
305275,6.047691990337875,CC(C)C(O)=NC1CCN(c2ccc(-c3cc(OCC(C)(C)O)cn4ncc(C#N)c34)cn2)CC1,test,1
